CourseNumber,Term,FacultyName,CourseName,Level,Description,Bonus Information,CourseDivision
HS2141,W27,,Young Adult Literature as Cultural Practice and Pedagogy,I/M,"This course explores young adult (YA) literature as a site where literature, education, culture, identity, and social life intersect. Through reading across genres—including novels, graphic narratives, memoir, speculative fiction, fantasy, and contemporary realism—students will consider how YA authors imagine adolescence and how young people use stories to understand themselves, one another, and the worlds they inhabit.

We will approach YA literature as an artistic form, cultural practice, and pedagogical tool. Students will examine how stories engage questions of identity, belonging, place, race, gender, sexuality, class, disability, culture, technology, and social change. We will also consider who gets represented in literature for young people, whose stories are challenged or excluded, and how ideas about childhood and adolescence are shaped by schools, families, communities, publishing, media, and popular culture.

The course extends beyond the page to consider what happens when YA literature enters classrooms, libraries, online communities, and other public spaces. Students will explore debates around censorship and book challenges, the role of teachers and librarians as mediators of literature, and the changing ways young people encounter and participate in literary culture in a digital age.

Throughout the course, students will engage in close reading, discussion, critical and creative response, and interdisciplinary inquiry. Exposure to young-adult literature will allow pre-service teachers to have an overview of current titles that can be used in or out of class, while students not interested in teaching will have opportunities to stretch their reading and writing canon and consider how YA literature can be applicable in informal education contexts. The course is not required for the teacher certification but is strongly recommended for anyone pursuing a secondary English Language Arts certification or Education Endorsement. Course texts will include trade books, academic articles, and industry reporting on YA as a genre. Students will be assessed based on class participation, weekly book reviews, and a final course project that will be either creative or analytical. Students will have opportunities to experiment with different forms of storytelling and literary interpretation, considering not only how YA literature represents young people but also how it invites readers to imagine different ways of being, knowing, and living together.

Assessment will be based on evidence that the student has participated actively in discussions, book reviews, collaborative projects, and readings. Students will be expected to contribute to an annotated bibliography of Young Adult texts and engage in periodic self assessment. 

Level: Introductory/Intermediate. Prerequisites: None.  Class limit: 15.  Lab fee: None.  Meets the following degree requirements: HS.",,HS
HS3145,W27,"Cox, Gray",Learning to Make Our Futures,M,"How can we learn, invent, and practice methods of envisioning the kinds of communities we want and work to not only bring them about in the future but start living them now? Drawing on arts, humanities, and sciences as well as diverse cultural traditions and indigenous practices from around the world, we will: 1.) look at key approaches and methods with which to experiment; 2.) provide opportunities for participants to further adapt those as well as invent new ones that fit their own learning styles and life situations; 3.) and develop next steps for pursuing their visions in practical ways in their own communities. Materials used will draw, for instance, on works on: imaging, dreaming, envisioning, and science fiction; interdisciplinary approaches to Futures Studies methods such as scenario building, modeling, and gaming; studies of strategies for social change; community-based critical participatory research; and multi-modal and transdisciplinary technologies for collaborative design. 


The course will have a strong experiential element and will include a variety of experiments with the methods studied in collaboration with members from the larger MDI community and people abroad connected with The Learning Planet Institute. Besides two seminar-style class sessions a week, there will also be a weekly lab and a hybrid conference workshop, probably held on a weekend. Student work will include short regular homework assignments for reflection on readings and activities, written and multi-media products of exercises in methods of visioning and collaborative decision-making/action; and an individual term project in either developing a method or using one to envision a future of special interest to the student. For instance, a student may choose to collaborate with a teacher at MDI Regional High School on developing a method for use in a class there on “Learning to Make Our Futures”. Or someone may choose to envision and work for a dramatically better food system in some locale they care about deeply. 


The goals of the course are: 1.)  to enhance participants’ skills in working as individuals and as teams in envisioning futures they want to live in and work towards; 2.) to develop their skills in dialogue and collaborative problem solving for translating visions into practical strategies they can pursue and practical next steps they can take; and 3.) to strengthen participants' individual and collective senses of empowerment, hope, commitment, and joy in moving into the future. Students will be evaluated on the extent to which they demonstrate progress on these goals through class participation (25%), homework (25%), exercise products (25%), and term project (25%).

Level: Intermediate. Prerequisites: There are no pre-requisites but this is considered an intermediate level course because it does presuppose students are prepared to collaborate in challenging interdisciplinary work. Class limit: 12.  Lab fee: $35.  Meets the following degree requirements: HS.",,HS
HE1010,W27,"Cox, Gray",Human Ecology Core Course,I,"Human Ecology is the interdisciplinary study of the relationships between humans and their natural and cultural environments.  The purpose of this course is to build a community of learners that explores the question of human ecology from the perspectives of the arts, humanities and sciences, both in and outside the classroom.  By the end of the course students should be familiar with how differently these three broad areas ask questions, pose solutions, and become inextricably intertwined when theoretical ideas are put into practice.  In the end, we want students to be better prepared to create their own human ecology degree through a more in-depth exploration of the courses offered at College of the Atlantic.  We will approach this central goal through a series of directed readings and activities.

Level:  Introductory.  Lab fee: $30.  Meets the following degree requirements: HE",,HE
MD2020,W27,"Collum, Kourtney",Small Ruminant Practicum,I/M,"In this course students will develop an understanding of winter small ruminant management through course-work in lambing, reproduction, nutrition, and disease management. This class will have a heavy hands-on component and students will be expected to engage meaningfully with the sheep flock at Peggy Rockefeller Farm, assisting directly with the 2027 winter lambing season. Students will develop technical skills such as record keeping, body condition scoring, sheep hoof care, and vaccination. On-farm learning at PRF will be supplemented with local field trips and on-campus classroom learning sessions. Students will be expected to engage in lambing season through weekend and evening care shifts and to produce several written reflections and oral reports.

Assessment will be based on evidence that the student has completed assignments and readings, engaged actively with field trips to local farms, reflected thoughtfully about their hands-on learning, and actively participated in on-farm learning. 

Level: Introductory/Intermediate. Prerequisites: None.  Class limit: 10. Lab fee: $20.  Meets the following degree requirements: None.",,
HS1012,W27,"Cline, Ken",Introduction to the Legal Process,I,"The ""law"" affects every aspect of human activity.  As human ecologists we must garner some basic understanding of how law is used (or misused) to shape society and human behavior.  This course examines two aspects of the American legal system:  1) the judicial process or how we resolve disputes; and 2) the legislative process or how we enact policy.  Course readings cover everything from classic jurisprudence essays to the daily newspaper.  We use current environmental and social issues to illustrate specific applications of the legal process.  Legal brief preparation, mock courtroom presentations, lobbying visits to the Maine legislature, and guest lectures are used to give a practical dimension to course subjects.  Students analyze Federal Election Commission documents to understand the impact of campaign financing on public policy and look closely at other current issues facing the legislative and judicial systems.  Evaluation is based upon two papers and several other exercises.  

Level: Introductory.  Offered every other year.  Class limit: 20.  Lab fee $25.  Meets the following degree requirements: HS",,HS
HS3146,W27,"Cline, Ken",The Human Ecology of Wilderness,M,"Wilderness has been the clarion call for generations of environmentalists but currently is being heavily critiqued. Henry David Thoreau once said, ""In wildness is the preservation of the world."" That single sentence and the controversy surrounding that idea provide the central focus of our explorations over the term. This course examines the question of wilderness from multiple perspectives in the hopes of providing an understanding of the concept and real spaces that constitute wilderness. We will start by examining the history of the wilderness idea in the United States and move to the legal and policy challenges of ""managing"" wilderness. Students will spend time examining the historical and contemporary arguments for wilderness and the current criticisms of the wilderness idea and practice. The class includes a 10-day trip to a designated wilderness area where we will look at the complexities of wilderness management and the conflicting values inherent in the places officially designated as wilderness.  The location of this trip will depend on the term the course is offered.  On the trip, we will explore and camp in wilderness, meet with wilderness managers, talk to advocacy organizations, and participate in service-learning projects in the wilderness.  Past trips have included the Allagash Wilderness Waterway, the Adirondacks, Cumberland National Seashore, and the Okefenokee National Wildlife Refuge wildernesses.  Evaluation will be based on projects, short essays, problem sets, presentations, and class participation.  

Level: Intermediate. Prerequisite: Our Public Lands or Permission of Instructor. Class limit: 16. Lab fee: $300 Meets the following degree requirements: HS",,HS
,W27,"Hill, Ken",SABBATICAL,,,,
HE1010,W27,"Fuller, Linda",Human Ecology Core Course,I,"Human Ecology is the interdisciplinary study of the relationships between humans and their natural and cultural environments.  The purpose of this course is to build a community of learners that explores the question of human ecology from the perspectives of the arts, humanities and sciences, both in and outside the classroom.  By the end of the course students should be familiar with how differently these three broad areas ask questions, pose solutions, and become inextricably intertwined when theoretical ideas are put into practice.  In the end, we want students to be better prepared to create their own human ecology degree through a more in-depth exploration of the courses offered at College of the Atlantic.  We will approach this central goal through a series of directed readings and activities.

Level:  Introductory.  Lab fee: $30.  Meets the following degree requirements: HE",,HE
HS2076,W27,"Donovan, Martha","Life Stories: Memory, Family, and Place",I/M,"One of the deepest human instincts is to tell our life stories, to figure out who we are. This course will use a workshop approach with a particular focus on memoir writing rooted in an exploration of family and place. We will study the writing process and matters of craft by reading and responding to memoirs by contemporary writers (e.g., Terry Tempest Williams’ When Women Were Birds: Fifty-Four Variations on Voice), a practical guide to memoir writing (Judith Barrington's Writing the Memoir), and essays on memoir and memory (e.g., Patricia Hampl’s I Could Tell You Stories: Sojourns in the Land of Memory). Class time will include discussion of readings, writing exercises designed to help students with matters of language and technique in their own writing, and group critiques of work-in-progress. Student work will be shared through a class reading and the production of a chapbook of one of their stories. Students will be evaluated on the effort and quality of their writing, their commitment to the writing process, their participation in peer review and workshops, a final portfolio of all their writing, and their class reading of finished work. 

Level: Introductory/Intermediate.  Prerequisites: None.  Class limit: 12.  Lab fee: $20. Meets the following degree requirements: HS.",,HS
,W27,"Weber, Jill",[no classes],,,,
ES1076,W27,"Todd, Sean",Polar Ecology and Exploration,I,"The Arctic and Antarctic represent some of the most extreme environments on the planet. As physical places, both poles play an important role in governing the planet’s climate and heat flow. Both are suspected to be rich in minerals and are thought to perhaps hold short-term relief from current world shortages in natural resources. As ecosystems, both are hugely productive in spite of, and in part because of the extreme temperatures they experience; certain species are found nowhere else and in fact thrive in these remote locales. Superimposed upon these natural environments is the presence of humans. Exploration of both areas has been particularly focused in the past century, with countless stories of the perseverance and persistence of our pioneering spirit. Initially surveyed to forward nationalistic agendas, both poles are now sites of scientific inquiry. In particular, the political model that currently governs Antarctica as one massive Protected Area has no precedent and perhaps suggests a way forward for environmental agendas working on global scales. More recently, the poles have been exploited by ecotourism businesses.

This class examines the provinces of the Arctic and Antarctic, wildernesses whose boundaries can be defined physically, biologically, geologically and politically. We will examine the rich and highly adapted diversity of life as it is affected by local and global oceanography and atmospheric science, and assess the impacts of climate change on these fragile environments. We will also review our relationship with these places and examine what future we might play in preserving, and/or exploiting the polar regime, using Human Ecology as a model for our understanding. Evaluation will be by two term papers and participation in class activities. 

Level: Introductory.  Prerequisites: None.  Class limit: 15.  Lab fee: $50.  Meets the following degree requirements: ES.",,ES
ES1092,W27,"Slabach, Brittany",Collecting Nature: Exploration of Scientific Collection,I,"Natural history collections are important artifacts that provide pivotal information on the past, present, and future of our natural world. They document species ecology and distribution, changes in aspects of phenotypes, and aid in conservation initiatives. Collections have tremendous value in understanding and documenting our natural and cultural world. Yet their history, and the practice of scientific collecting, is muddled with bias, controversy, and colonial practices. Through discussion and practice, we will explore the science and art of scientific collecting, preparing, and caring for specimens (plant and animal). We will discuss the history of scientific collections, and collection practices, and consider their role and value. We will visit natural history museums, their collections, and the curators that care for them. Thus, there are two required field trips, including one overnight. We will also practice the art of specimen preparation and care, learning different preparation and cataloging techniques. This class is open to anyone with any interest or curiosity about natural history museums, collections or scientific collecting. It is recommended for students interested in museology techniques or those interested in pursuing careers in museum studies. Assessments include written responses to weekly prompts, discussion participation, written essays, and a term project.

Level: Introductory. Prerequisites: None. Class limit: 11.  Lab fee: $175.  Meets the following degree requirements: ES.",,ES
ES1081,W27,"Letcher, Susan",Plants and People: Economic Botany,I,"This class offers an introduction to plant biology centered around plants that are useful to human societies. We will explore plant anatomy, physiology, evolution, and ecology through case studies involving plants that are useful to humans. Through lectures, readings, and discussions, students will gain a rich understanding of how plants function and how human societies depend on them in myriad ways. We will cover universal and familiar uses of plants such as food, building materials, and textiles, as well as less widely practiced uses including arrow poisons, lacquers, and living fences. We will discuss the origins of agriculture and methods of plant breeding, as well as the biogeographical history of important cultivated plant lineages. The focus will be on plants and our uses for them, but we will also discuss ethical concerns surrounding practices like bioprospecting and ex situ conservation. Students will be evaluated on participation and the successful completion of two presentations and a research paper.

Level: Introductory.  Prerequisites: None. Class Limit: 20. Lab fee: none. Meets the following degree requirements: ES",,ES
ES4048,W27,"Letcher, Susan",Biostatistics,M/A,"This course will provide students with a toolbox of techniques in statistical analysis, with a focus on the biological sciences. Students will learn how to choose and apply a variety of widely used statistical tests, how to design experiments and studies with statistical analysis in mind, and how to use a range of specialized statistical approaches for data types frequently encountered in the biological sciences. The methods we will cover include parametric and nonparametric tests; approaches designed for categorical, ordinal, and continuous data; biodiversity statistics and ordination methods; Bayesian vs. frequentist inference; and robust experimental design. The class will highlight the assumptions involved in statistical inference and the conditions that must be met in order to use statistical tests appropriately. In the lab, students will use the statistical programming language R to explore, display, and analyze data using the methods covered in class. By the end of the term, students should be able to choose appropriate analytical methods for a wide range of data types, design statistically valid experiments, and write code for basic statistical tests in R. Students will be evaluated based on daily homework assignments, weekly lab work, several take-home exams, and a final group presentation based on an original analysis of an archived data set chosen by the students. Note: each student should have a laptop for lab (PC preferred; limited support will be provided for Mac users). Contact the instructor if you do not have your own laptop. 

Level: Intermediate/Advanced.  Prerequisites: An introductory course in statistics (Intro to Statistics and Research Design, Probability and Statistics, or equivalent), and permission of instructor.  Class limit: 15.  Lab fee: None.  Meets the following degree requirements: QR",,QR
ES3114,W27,"Hall, Sarah","Data to Action: Geohazards, Climate Change, and Health",M,"In this course, students will consider how science informs policy and planning for decision making related to topics at the intersection of human systems and earth processes. We will explore examples of “data to action” in local to national-scale policies and programs aimed at reducing risks associated with geohazards, topics in environmental and human health, and climate change. Students will learn about earth processes associated with geophysical geohazards (e.g. landslides, earthquakes, volcanoes, geomagnetic storms, sinkholes), meteorological hazards (e.g. hurricanes, tornadoes, floods, storm surge, drought), and human and environmental health hazards (e.g. water quality and quantity, erosion/sedimentation, spread of toxins/pollutants), and will consider some of the historical and forecasted impacts of these phenomena. Many of these hazards are exacerbated by ongoing climate change and other anthropogenic activities involving land-use and industrial processes. Supplementing scientific literature, students will engage with resources such as public hearing testimony, codified law, congressional research reports, as well as data products and outreach materials (e.g. public service announcements, maps, and guides) designed to inform decision makers of all levels on the science and potential actions for risk reduction. Through guest lectures, video calls, or field trips, students will engage with professionals and institutions spanning different sectors and jurisdictions working on hazard risk reduction and practice civic engagement through attendance at town meetings, a state legislative session, or a talk by federal scientists working with states, Tribes, and territories to coordinate risk reduction activities. Students will prepare their own science-informed guidance materials and will draft policy memos and prepare mock testimonies around related topics of interest. An overall goal of this course is to inspire students to consider their roles in planning for, preparing for, and adapting to geohazards and future impacts on their households, communities, and workplaces. Students will be assessed based on participation in discussions and in-class activities, approximately weekly assignments, and a term-long project. There are no prerequisites for this course, however, students should feel comfortable reading and analyzing primary literature and will be expected to write without the aid of AI or large language models. 

Level: Intermediate. Prerequisites: None. Class limit: 16.  Lab fee: None.  Meets the following degree requirements: ES.",,ES
,W27,"Graham, Carrie",[no classes],,,,
,W27,"Gibson, David",[no classes],,,,
ES2012,W27,"Todd, Sean",Introduction to Statistics and Research Design,I/M,"This course introduces the basics of statistical analysis that can be used in either a scientific or a social science frame of reference.  While this course teaches you to perform both nonparametric and simple parametric analysis both by hand and computer, an emphasis will be placed on understanding the principles and assumptions of each test, rather than mathematical ability per se.  We will also learn how to report statistical results in journal format, and there will be plenty of lab time to sharpen skills.  Evaluation is based on lab participation, three quizzes, and a team project.  

Level: Introductory/Intermediate.  Prerequisites:  A college mathematics course, or signature of the instructor.  Class limit: 12.  Lab fee: $40. Meets the following degree requirements: QR.",,QR
,W27,"Friedlander, Jay",[no classes],,,,
HS1110,W27,"Khor, Su Yin",Food and identity writing: Multimodality in composition,I,"It feels like pizza has always been considered American, but we know that it was originally brought to the US by Italian immigrants. Both the US and Italy claim pizza as a national dish, and this type of debate about where food comes from—and who it belongs to—is highly connected to our national and local identities. As humans continue to migrate across borders and blur the boundaries in digital spaces, our identities continue to develop as we interact with each other and different types of food. We will consider how this movement shapes our ideas of ‘foreign’ and ‘local’ and how one becomes the other, as well as the line between honoring a culture and appropriating it.

We will examine the intersections of the genre conventions, rhetorical situation, and the writers’ identities to understand how these elements work together when producing texts. We will learn key composition concepts (genre, rhetorical situation, and multimodality) and support the
development of your genre research skills. We will use these concepts and conduct genre research to examine various food writing genres, such as narratives, recipes, and social media posts to understand how writing is an activity that goes beyond putting words together on a piece
of paper. These activities will support your overall genre research skills and deepen your understanding of writing, which can be transferred to other writing activities beyond this course. Classes will be based on genre analysis activities and group discussions. We will read works that address food writing genres and identity, and we will watch documentaries that explore the intersections of food, identity, and migration. Course assignments include your reproduction of a food writing genre, weekly reading responses, reflections and narratives to document your learning trajectory, which will also be used for assessment purposes.

Level: Introductory. Prerequisites: None.  Class limit: 12.  Lab fee: None.  Meets the following degree requirements: HS, W.",,W HS
HS3142,W27,"Lakey, Heather",Existentialism,M,"What is freedom? What is being? How do you make moral choices if there are no universal values or rules? How does death shape existence? How do we respond to failure, risk, and ambiguity? When is social conformity a problem and what does it mean to live with authenticity? To explore these questions, this course engages with key texts in Existentialism, a philosophical tradition that coalesced in mid-twentieth-century Europe as people struggled to understand the events of World War II. Since then, Existentialism’s concern with political action and first-person experience has influenced debates in psychotherapy and psychology, in Black radical and emancipatory politics, in feminism, critical theory, and theology. Through a close analysis of key Existentialist texts from the nineteenth and twentieth centuries, students in this class will gain a broad understanding of Existentialist thought and its influence across a range of genres and disciplines. In addition to studying philosophical arguments regarding human existence, freedom, alienation, and intersubjectivity, students will use the framework of existential phenomenology to critically consider their own thoughts and choices through a series of weekly writing assignments. Over the course of the term, students will cultivate their reading and writing skills while developing strategies for close textual analysis and seminar discussions. 
Possible authors include Fyodor Dostoevsky, Leo Tolstoy, Søren Kierkegaard, Friedrich Nietzsche, Martin Heidegger, Simone de Beauvoir, Jean-Paul Sartre, Albert Camus, Frantz Fanon, Richard Wright, Sara Heinämaa, and Kevin Aho. This course involves reading challenging, exciting philosophical texts and requires instructor permission. Assignments include seminar discussions, short writing exercises, a class presentation, and a final paper. 

Assessment will be based on seminar discussions, short writing exercises, a class presentation, and a final paper. 

Level: Intermediate. Prerequisites: Prior coursework in philosophy and/or critical theory, or demonstrated interest in studying philosophy and working with challenging, theoretical texts. Class limit: 12.  Lab fee: None.  Meets the following degree requirements: HS.",,HS
HS3059,W27,"Waldron, Karen",Native American Literature,M,"This course is a challenging introduction to several centuries of Native American literature, the relevance of historical and cultural facts to its literary forms,  and the challenges of bridging oral and written traditions.  Authors include such writers as Silko, Erdrich, Harjo, Vizenor, and McNickle as well as earlier speeches and short stories.  We also consider non-native readings and appropriation of Native American styles, material and world views. 

Level: Intermediate.  Class limit: 15.  Lab fee: none.  Meets the following degree requirements: HS",,HS
HS2011,W27,"Waldron, Karen",Nineteenth Century American Women,I/M,"This course studies the American novel as written by women of the nineteenth century. It focuses on how women's issues and styles change over the course of the century, with its revolutionary economic, technological, social and political shifts, as well as on enduring questions.   As we read from among the wide selection of nineteenth-century American women novelists (who outnumbered and outsold male authors)  -- such as Rowson, Foster, Child, Cooke, Fern, Stowe, Phelps, Jewett, Chopin, and Gilman -- we consider how they have shaped the tradition of the novel and social values Americans encounter today. 

Level: Introductory/Intermediate.  Prerequisites:  Writing Seminar I or signature of the instructor.  Offered every other year. Class limit 15. Lab fee: None. Meets the following degree requirements: HS",,HS
MD5012,W27,"Van Vliet, Netta","Politics, Body, Representation",A,"Drawing on performance studies, movement training, postcolonial studies and feminist theory, this class will investigate understandings of what is made to count as ""political"" in relation to claims about representation and the body. Over the course of the term, we will investigate and produce a range of conditions through which we consider ideas about responsibility, decision, the unknown and unexpected, repetition and difference, translation and dialogue, and relations of individual to group. We will do so through learning about the ways in which bodies matter in the fields of theatre, anthropology and literature. Both anthropology and theatre are often presumed to be vehicles for representation and for political change, but they have also posed questions about how the body challenges assumptions about representation and politics. This course will grapple with assumptions that politics is primarily about representation, speaking in ""one’s own name,"" or in the name of others. We will take questions about representation and its limits as a point of departure to consider the significance of the body (and bodies) for understandings of politics. We will focus on questions of affect, the sensory, proximity, temporality, scale and place. In so doing, we will consider the idea of politics as based on a relation and response to an other, rather than on representation. In turn, we will address questions about the relationship between art and politics. Classes will include movement training practices and seminar discussion. Course materials may include works by Hannah Arendt, Anne Bogart, Charlie Chaplin, Charles Darwin, Jacques Derrida, Sarah DeLappe, Cornelius Eady, Shoshana Felman, Sigmund Freud, Brandon Jacobs-Jenkins, Valeria Luiselli, Jean-Luc Nancy, William Shakespeare, Sophocles, Tadashi Suzuki and Anna Tsing. Students will be evaluated based on class participation,  collaborative group projects, seminar discussion, short topic responses, and a final project. 

Level: Advanced.  Prerequisites: permission of instructor; priority will be given to students who have successfully completed advanced coursework in Literature, Anthropology or Performance Studies. Class limit: 12.  Lab fee: $50. Meets the following degree requirements: None.",,
HS4101,W27,"Turok, Katharine","Troubadours, Nuns, Concubines, and Witches before 1500",M/A,"This course traces variations in the social, legal, political, and economic status of women in Asia, Africa, and Europe from antiquity to about 1500. Students will examine letters, diaries, songs, artwork and artifacts, court documents, poems, essays, and fiction primarily by and about women. Students will also consider such questions as: Why and to what extent did women in some parts of the world—China, southern India, Japan, Catalonia—experience relative freedom? What were women’s attitudes toward sexuality, men, children, religion, love, work, magic, and education? How was gender negotiated, with female identity in girlhood, adolescence, and adulthood established or modified, within various sociocultural contexts? What were the achievements and accomplishments of women during these early periods, whether they managed households and property; wandered the land as minstrels; practiced medicine; worked at court, in the religious life, in the visual and performing arts, or as political leaders such as pharaohs, priests, and emperors. Students will be evaluated on the basis of class participation, two short papers, and one substantial essay.

Level: Intermediate/Advanced. Prerequisites: None. Class limit: 15  Lab fee: None.  Meets the following degree requirements: HS.",,HS
HS2140,W27,"Taneja, Palak","Barbed Wires, Drawn Lines",I/M,"How many times have you mused about the idea of borders? What do the lines that divide us mean, and how are we to make sense of them? Literature has always been a place where questions like these have been thought aloud. Whether the borders are geographical or metaphorical, whether they keep people out or fence people in, borders are liminal spaces that raise questions about politics, oppression, belongingness, and identity, which makes them an important subject for our interrogation. Since these literatures are born of political events, our first concern will be to understand the history of the events themselves. We will achieve that by reading excerpts from the works of Gyanendra Pandey, Stanley Waterman, Joe Cleary, and others in juxtaposition with literature. In addition, the literary works by Saadat Hasan Manto, Seamus Deane, Gloria Anzaldúa, and the like will help put the bigger picture in perspective bringing in various thematic concerns like religion, violence, language, and gender together. This class will thus explore two types of borders: one that course texts evoke, helping you critically engage with the theme. The other kind exists between various genres you will encounter like short stories, novels, literary theory, official reports, and movies. The latter, coupled with your writing assignments that we will workshop throughout the term—personal narrative, online article, movie review, multimodal project, and others—will facilitate and deepen your understanding not only of literature from the borders but also writing as a process—prewriting, writing, and rewriting. This course meets the writing requirement.

Level: Introductory/Intermediate.  Prerequisites: Some knowledge about world history and experience in writing about literature would help.  Class limit: 12.  Lab fee: None.  Meets the following degree requirements: HS, W",,W HS
HS3134,W27,"Taneja, Palak",The Empire Writes Back,M,"“You must unlearn what you have learned.”
 -Yoda, The Empire Strikes Back 

Before there was Star Wars, there were Empires. What began with the “Age of Discovery” in the 15th and 16th centuries, helmed by Portugal and Spain, took shape with the British and French Empires in the 17th century. The British Empire, in particular, expanded to encompass almost a quarter of the globe at one point. Literature was one of the many tools in the British arsenal to assert control and claim cultural supremacy. Therefore, as the colonized Resistance grew, they used the master’s tools to dismantle the Empire. In response to Joseph Conrad, there was Chinua Achebe; for Charlotte Brontë, a Jean Rhys; and for Rudyard Kipling, a Salman Rushdie. 
Our job in this course will be to engage with the writings of the colonized Resistance as they developed by looking inward, unlearning, adapting, and remaking the tool of English Literature. We will read the works of some authors mentioned above and more, along with critical theory, films/documentaries, podcasts, and even some Instagram feeds. You will be evaluated based on class participation, oral presentation, response posts, final paper, and a multimodal project. This class will be good for students hoping to expand their understanding and knowledge of literature and canon formation, develop critical thinking skills, and who wish to talk about how academia influences pop culture, like Star Wars. For those still wondering why to take this class, follow Yoda’s wisdom, Padawan: “Much to learn, you still have.”

Students will be evaluated based on class participation, oral presentation, response posts, final paper, and a multimodal project.

Level: Intermediate. Prerequisites: None. Class limit: 15. Lab fee: None. Meets the following degree requirements: HS.",,HS
HS6013,W27,"Stabinsky, Doreen","Immersion Program in French Language, Art, and Culture",,"This course is offered through collaboration with CAVILAM as part of the COA program in Vichy, France.  Students  take 20 hours a week of  language classes and workshops taught by immersion methods and advanced audio-visual techniques.  Students  live with host families in homestays and take part in a variety of cultural activities.  They are carefully tested and placed at levels appropriate to their ability and are expected to advance in all four language skills - reading, writing, speaking and listening - as gauged by the  European Erasmus scale of competency.  

Level: Beginning to advanced (depending on prior language level). Pre-requisite: at least one previous French course and permission of instructor; this course is intended to complement a term of COA instruction in Vichy, France. Class limit: 12.  Program fee: $1500. Meets the following degree requirements: HS.",,HS
HS2143,W27,"Stabinsky, Doreen",Terrestrial Politics and Decolonial Ecologies,I/M,"This intensive course, taught in France, explores politics of the terrestrial, of the earth and its defenders, through lenses of both theory and practice. Through writings and, where possible, in direct conversation, we interact with activists and movements involved in struggles in France to protect earth, land, livelihoods, and community, and those actively working to build alternatives to ways of being in the world that they are struggling against. We also explore how colonial histories and race intersect with environmental struggles, using a frame provided by Malcom Ferdinand’s work on decolonial ecology. Locally rooted activities take place within global economic and political contexts—markets, international treaties, and other spaces and places where local and global come into contact, where ontologies collide, and where different forms of power are produced and interact across distances. Course materials and discussion will explore these global contexts, concrete ways and means by which economic and political power is contested in these spaces, and ongoing experiments with and strivings toward a different world, one where many worlds may fit. 
Evaluation in the class will be based on preparation for and participation in class discussions, a series of short reflective writings on readings and conversations, and a final extended essay and presentation on some aspect of terrestrial politics. Students may choose to make their final presentation in French.

Level: Introductory/Intermediate. Prerequisites: None. Class limit: 12. Lab fee: none. Meets the following degree requirements: HS.",,HS
,W27,"Pena, Karla",Yucatan,,,,
HS2139,W27,"Nguyen, Hien",Sick Market : Healthcare and Health Insurance in the US,I/M,"Within economics, there is a sub-field called health economics. If you ask the health economists, they will say that such specialization is needed because the market for healthcare is unlike most other markets. Most consumers cannot assess how much care they need or evaluate accurately the quality of treatment they receive. A mandatory vaccination policy protects you in ways that a mandatory schooling policy does not. And in the United States, access to care is mediated by a labyrinthine system of private insurances, employer benefits, deductibles, and eligibility rules, which obscures costs, distorts incentives, and leaves millions without adequate coverage. These features make healthcare a distinctive area of economic analysis. 

On the other hand, a healthcare system is also the product of specific political and economic choices. The US spends more on healthcare than any comparable nation yet produces worse outcomes across nearly every population-level measure. To understand why, we need to examine how the organization of healthcare around private insurance shapes – and sometimes distorts – decisions about who receives care and at what costs.

This course will introduce you to standard economic tools and models used to study healthcare markets, while also interrogate their social and political consequences. The goal is not merely to understand health economics, but to engage critically with one of the most consequential policy domains of our time. Upon completing this course, you will: (1) understand how economists think about health and healthcare; (2) understand how US healthcare policy is structured around market logic; (3) critically evaluate the design and failures of the US health insurance system; (4) understand the social determinants of health, including how income drives health disparities and how specific industries (e.g., fossil fuels, opioids, social media) produce public health crises for profit. Throughout, you will develop quantitative reasoning skills by applying economic models, diagrams, and data to current policy debates. 

This course is especially valuable for students interested in public health and healthcare policies, or those pursuing further study in health, medicine, or biomedical fields. 

Students will be evaluated through biweekly assignments and a summative policy analysis and presentation.

Level: Introductory/Intermediate. Prerequisites: No formal prerequisites, but prior knowledge of introductory microeconomics and introductory statistics is highly recommended. Class limit: 20.  Lab fee: None.  Meets the following degree requirements: HS, QR.",,HS QR
HS5063,W27,"McKown, Jamie",Conspiracy Theories and Theories of Conspiracy,A,"The fear of the “hidden” enemy that lurks behind the curtain, controlling events from the shadows, is a narrative topos that continually seems to raise its conspiratorial head in all kinds of spaces and venues: from politics to pop culture, movies, novels, music, political speeches,  etc.   Yet, there is also evidence to suggest that widespread acceptance of these conspiracy “theories” has the potential to cultivate and propagate inherently antidemocratic, divisive, and dangerous beliefs. Those who posit the existence of conspiracies, or at least certain ones, are often dismissed outright as irrational, without any consideration made as to the substance of their claims. Belief in conspiracies, or at least certain ones, is taken as a sign of faulty logic or reason.  Yet, despite this, conspiratorial explanations of various phenomenon actually have a long and vibrant history of popular acceptance in US political culture (as well as in other parts of the world). Some have gone so far as to suggest that narratives of conspiracy, as alternative or resistant explanatory frames, are actually a necessary component of democratic political life. After all we know that conspiracies, political and otherwise, have existed in the past, and may exist again in the future.  How do we make sense of this tension? If conspiracy theory as a mode of explanation is inherently “irrational,” what does this mean for its enduring presence in our political discourse? Is the only difference between a “reasonable” claim rooted in fear and what we consider the paranoid ramblings  of “kooks” and “nutjobs” simply a matter of which one is “correct?” Is there a silver bullet theory or magic wand that would allow us to differentiate the supposed good from the bad? Is the very act of labeling something a conspiracy theory itself a form of political hegemony? Even if conspiracies might exist, is it better to live in a world in which we  assume they don’t? What do we actually mean by conspiracy theory in the first place? This seminar will explore a variety of topics related directly to how threats of conspiracy become manifest in public discourse.  Readings will focus on secondary research that examines the role of conspiracy theories in political and social life, both in the United States and abroad. We will also supplement this with primary “artifacts” such as pamphlets, social media postings, videos, speeches, etc.   Along the way  we will also use this as an opportunity to reflect on what inter and trans disciplinary research actually looks like. The study of conspiracy narratives is an ideal example that helps us think about how different fields attempt to make sense of a phenomenon.   We will survey, compare, and attempt to synthesize research from a wide range of fields, disciplines and methodologies including those from historians, anthropologists, political scientists, legal scholars, literary critics,  psychologists, and others. This is an advanced seminar and students should expect to encounter readings that are rooted in disciplinary perspectives they are not familiar with. Students will need to adapt to shifting  perspectives in order to both the various texts  in conversation with each other.   Evaluation will be based on in-class discussion as well as individual student writing assignments. Students will produce several short length essay assignments during the term as well as a longer research paper at the end of the term. Weekly lab sessions will be used for screenings of primary material  and  students may also be responsible for at least one primary source presentation during these sessions. This class is open to students of all interests regardless of their experience with politics, government, or social theory.

Level: Advanced. Prerequisites: None.  Class limit: 12.  Lab fee: None.  Meets the following degree requirements: HS.",,HS
,W27,"Mahoney, Dan",[no classes],,,,
HS2020,W27,"Longsworth, Gordon",GIS I: Foundations and Applications,I/M,"Ever-rising numbers of people and their impact on the Earth's finite resources could lead to disaster, not only for wildlife and ecosystems but also for human populations. As researchers gather and publish more data, GIS becomes vital to graphically revealing the inter-relationships between human actions and environmental degradation. Much of what threatens the earth and its inhabitants is placed-based. Solutions require tools to help visualize these places and prescribe solutions.  This is what GIS is about. Built on digital mapping, geography, databases, spatial analysis, and cartography, GIS works as a system to enable people to better work together using the best information possible. For these reasons, some level of competency is often expected for entry into many graduate programs and jobs, particularly in natural resources, planning and policy, and human studies. The flow of this course has two tracts, technical and applied. The course begins with training in the basics of the technology. Then, skills are applied to projects that address real-world issues. Project work composes the majority of course work and each student has the opportunity to develop their own project. Because GIS provides tools to help address many kinds of issues, GIS lends itself well to the theory of thinking globally and acting locally. Projects often utilize the extensive data library for the Acadia region developed by students since the lab was founded in 1988. The GIS Lab acts as a service provider to outside organizations and students can tap into the resources of a broad network of groups and individuals working towards a more sustainable future. Course evaluations are partially based on the on-time completion of exercises and problem sets. Most of the evaluation is based on critique of student independent final project work and related documentation.

Level: Introductory/Intermediate. Pre-requisites: Basic computer literacy. Class Limit: 10. Lab Fee: $75. Meets the following degree requirements: HS.",,HS
HS2061,W27,"Little-Siebold, Todd",Indigenous America,I/M,"This course will provide an introduction to the history of indigenous peoples in the Americas. Using a seminar style the class will combine some overview lectures, student-led discussion of books, and project-based learning to provide an initial introduction to the diverse histories of native peoples from Canada to the Andes. The course will focus on both pre-contact societies as well as the processes of interaction between Europeans and indigenous peoples in the Americas. Using a selection of case studies the course will highlight building an understanding of indigenous worldviews as well as socio-political organization and the ways both were transformed by colonialism. A range of books will introduce students to the ethnohistorical literature on native communities from Mesoamerica, North America, and the Andes. A simultaneous component of the course will be student’s research projects on a topic of their choosing that explores a dimension of native people’s histories. Students will be evaluated on attendance, course participation, short analytical essays, and their final project.

Level: Introductory/Intermediate.  Prerequisites: none, however, students without any background in history should expect to invest extra time with the readings and writing assignments.  Class limit: 15.  Lab fee: none.  Meets the following degree requirements:  HS, HY",,HS HY
HS3036,W27,"Little-Siebold, Todd",Oceans & Fishes: Readings in Environmental History,M,"This course will explore the rapidly expanding field of marine environmental history and historical studies that focus on fish and fisheries.  Recent methodological and conceptual work as well as growing interest in the history of these topics driven by conservation and policy issues has made this an important and innovative field.  Using the work of a variety of scholars from different fields the class will explore how historical accounts can be constructed with an emphasis on the types of available sources, the use of evidence, and how each author builds their argument.  We will explicitly compare the methods, use of evidence and other aspects of different disciplinary approaches to the topic to highlight the strengths and limitations of each approach.  This dimension of the class is particularly interesting because of the dynamic and interdisciplinary nature of scholarship right now that brings a wide range of research into dialogue. Students will learn about the history of oceans and fishes by looking at how historians and other scholars frame their works and make their arguments.  Students will be evaluated on their preparation for discussion, mastery of the material, short written assignments, and a final project made up of a presentation and essay.  This course is appropriate for students with interest in history, community-based research, marine studies, and environmental policy.  Students who are just curious and interested in lots of things are also most welcome.

Level: Intermediate. Class limit: 15  Lab Fee $75.00 Meets the following degree requirements: HS HY",,HS HY
,W27,"Levin, Rob",[no classes],,,,
HS1062,W27,"Lakey, Heather",Problems and Dilemmas in Bioethics,I,"Bioethics studies ethical problems that occur in medical practice and the life sciences.  Contemporary bioethics is an expansive and fundamentally interdisciplinary field, but this course will consider key dilemmas in bioethics from a philosophical perspective. More specifically, we will explore how bioethical issues complicate our concepts of right and wrong, good and bad, life and death, and the human and the natural.  

We will begin with a quick overview of prominent ethical theories and we will consider the possibility of transcultural bioethics. Secondly, we will address the ethical and philosophical questions raised by the following topics: abortion, birth, population, reproduction, cloning, euthanasia and physician-assisted suicide, resource allocation and organ donation, human research ethics, genetic engineering, the doctor-patient relationship, and medical decision making. Throughout the duration of the term, we will consider how different ethical frameworks shape our assessment of contemporary moral dilemmas.

This course will introduce students to the principles of ethical thinking, familiarize students with pressing debates in bioethics, and compel students to discuss issues that are politically and socially contentious. Course requirements include engaged class participation, three short papers, a presentation, contributions to online discussion documents, and a final paper. There are no prerequisites for this course, but students should be prepared to engage complex, theoretical essays that require careful and critical reading.  

Level: Introductory.  Prerequisites: none.  Class limit: 15.  Lab fee: None. Meets the following degree requirements: HS.",,HS
HE1010,W27,"Gadeken, Kara",Human Ecology Core Course,I,"Human Ecology is the interdisciplinary study of the relationships between humans and their natural and cultural environments.  The purpose of this course is to build a community of learners that explores the question of human ecology from the perspectives of the arts, humanities and sciences, both in and outside the classroom.  By the end of the course students should be familiar with how differently these three broad areas ask questions, pose solutions, and become inextricably intertwined when theoretical ideas are put into practice.  In the end, we want students to be better prepared to create their own human ecology degree through a more in-depth exploration of the courses offered at College of the Atlantic.  We will approach this central goal through a series of directed readings and activities.

Level:  Introductory.  Lab fee: $30.  Meets the following degree requirements: HE",,HE
ES1052,W27,"Gadeken, Kara",Biology: Cellular Process of Life,I,"This course introduces students to the molecular and cellular processes that are essential for life.  We will initially cover some basic chemistry to develop a common language for discussing the complex molecular events that are the basis of the structure and function of cells.  This class will explore cellular processes involved in metabolism, communication, growth, and reproduction.  There is a strong emphasis on the understanding the genetic basis of these processes as well as how these processes are controlled, and we will delve into the structure and function of the DNA molecule in some detail.  We will examine how our understanding of genetic processes and genome sequencing has led to applications in research, medicine, agriculture, and industry, with time also devoted to discussion of the social and ethical consequences attached to these technological innovations.  Students will be evaluated on participation, performance on problem sets and quizzes throughout the term, and a final oral presentation.  

Level: Introductory.  Prerequisites: none. Class limit: 16. Lab fee: $25. Meets the following degree requirements: ES",,ES
HS1137,W27,"Tsygankova, Valeria",Pushing the Boundaries of the Essay,I,"What comes to mind when you hear the word “essay”? Maybe you think of a formula that you learned long ago: five standardized paragraphs supporting a single claim with little room for anything else. Maybe you think of essay writing as a mechanical, rulebound, and unexciting kind of writing. And yet, over its centuries-long history, essay writing has been anything but formulaic—so much so that scholars find it impossible to agree on a set of stable features that define an essay. As the editors of the Edinburgh Companion to the Essay (2022) argue, the essay isn’t a unitary genre at all. Instead, it’s a “contested space,” marked by many diverse and competing approaches. This class is a gateway to that contested space. Assigned readings will introduce students to the outer limits of the essay universe and to writers who have made their own unique marks on the tradition, which has experimentation and exploration at its heart.

 

Encountering the actual diversity and inventiveness of the essay form will yield a wealth of strategies for students to test out in their own writing—strategies for engaging readers, for analyzing the world around us, for communicating a point of view, for posing significant questions, and for responding to other thinkers. Students will write to analyze the writing of others as well as to pursue essay projects of their own design, using the essay form for the exciting and imaginative reasons that writers have turned to it for generations: to delve into the intellectual, aesthetic, and ethical questions that captivate them. By doing this work, students will expand their abilities for inquiry, critical thinking, and argumentation, and become better navigators of writing for many purposes and audiences at college and beyond.

 

Students will be evaluated on two main essay projects, one of which can be multimodal, and on their participation in a recursive writing process that includes reading, exploratory writing, drafting, revising, and responding to classmates’ drafts. This course will be helpful for new college students looking to establish a base of knowledge about analytical writing, as well as for students at any point in their college careers who want to dedicate time to working intentionally on their writing. Students interested in reading and writing literary and cultural criticism, creative nonfiction, and science writing for a general audience might be especially interested in this course.

Level: Introductory. Prerequisites: None. Class limit: 12.  Lab fee: None. Meets the following degree requirements: W, HS.",,W HS
,W27,"Winter, Josh",[no classes],,,,
ES1024,W27,"Feldman, David",Calculus I,I,"The goal of this sequence of courses is to develop the essential ideas of single-variable calculus:  the limit, the derivative, and the  integral.  Understanding concepts is emphasized over intricate  mathematical maneuverings.  The mathematics learned are applied to topics from the physical, natural, and social sciences.  There is a weekly lab/discussion section. Evaluations are based on homework, participation in class and lab, and tests.

Level: Introductory.  Prerequisites: Precalculus or the equivalent or signature of the instructor.  Class limit: none.  Lab fee: None.  Meets the following degree requirements: QR",,QR
AD3088,W27,"Robbins, Dani",Contemporary Dance Composition,M,"This introductory course will focus on personal expression through movement and compositional techniques. Each class will begin with a gentle warm up that will help students become aware of movement impulses and locate a personal movement vocabulary. Through short, weekly assignments, students will gather a collection of tools for composing movement sequences including honing improvisation toward set choreography, responding to spatial and environmental conditions, and drawing inspiration from sound and imagery. Our making will be supplemented by readings and screenings of 20th and 21st century choreographers, aiding us in contextualizing our creative process within the current field of contemporary dance. Students will be asked to craft a short final piece of choreography, to be shared with the community during a ""Works in Progress"" showing. Evaluation will be based on attendance, satisfactory completion of weekly assignments, and rigorous engagement with the process of developing a final piece. Students of diverse abilities and experiences are encouraged to enroll. It is strongly recommended that students have some prior dance or theater coursework before taking this course. Please contact the instructor directly if you have questions about your background.

Level: Intermediate. Prerequisites: Beginning Contemporary Dance Technique, or the equivalent, and permission of instructor. Class limit: 10. Lab fee: $0. Meets the following degree requirements: ADS.",,ADS
AD1039,W27,"McCune, Kreg",Ceramics I,I,"This beginning course in ceramics will explore the making of objects with clay by using the potter's wheel, slab roller, coils and press molds. We will explore surface design using slips, under glazes and glazes and patterns.  Through these methods we will incorporate wax resist, tape resist, plastic resist, sgraffito, slip and glaze trailing. Six hand-built and twenty wheel-thrown works are required, with reviews taking place during week five and week ten. 

Level: Introductory.  Prerequisites: None.  Class limit: 12.  Lab fee: $95.  Meets the following degree requirements: ADS",,ADS
AD4052,W27,"McLean, Adam",Folk Music Ensemble,M/A,"In this performance-based class, students will work together to learn and perform traditional folk music, both in small groups and as a large ensemble. Styles will be guided by student interest and may include New England, Québécois, Cape Breton, Scottish, Irish, Old Time, Bluegrass, and others. Instrumentation may include (but is not limited to) fiddle, keyboard, guitar, banjo, mandolin, bouzouki, ukulele, dulcimer, bass, cello, accordion, concertina, pipes, flute, whistle, vocals, harp, and percussion. Tunes will primarily be taught “by ear,” although notation will be available as well. Throughout the term, students will play and interact with experienced folk music practitioners representing various styles and instruments. The class will include participation in informal local song sessions and will culminate in a final performance.

How will students in this course be evaluated?: Assessment of student work will be based on contributions to rehearsals and discussions, participation in sessions and performances, weekly reflections, and a research project on a tune of interest.

Level: Intermediate/Advanced. Prerequisites: Students should have some experience playing their instrument and should have reliable access to their instrument of choice. Class limit: 12. Lab fee: $40. Meets the following degree requirements: ADS.",,ADS
HS2142,W27,"Smith, Hillary",Qualitative Data Analysis,I/M,"“Not everything that can be counted counts, and not everything that counts can be counted.” — William Bruce Cameron

Simply because something is easy to measure does not mean it is the only or most meaningful data. While numerical data are undoubtedly important for understanding our world, qualitative data that capture meanings, subjective experiences, perspectives, and observations are critical for understanding the “why,” “how,” and “to what effect” behind phenomena. Interviews, focus groups, participant observations, surveys, diaries, social media posts, audio recordings, and images are all sources of qualitative data that can be analyzed to identify key themes and patterns. Fields including education, sociology, anthropology, linguistics, policy studies, psychology, health studies, social work, and business management regularly use qualitative data analysis methods to answer research questions and address real-world problems.

This course introduces students to different theories and practices of qualitative data analysis. Students will learn to use MAXQDA, a widely used qualitative data analysis software package, to organize, code, analyze, and visualize qualitative data. Through hands-on labs, students will learn how to identify sources of qualitative data and practice a range of data analysis and visualization techniques using real-world data, including interview and focus group data. The course will also spotlight faculty and professionals who use qualitative data in their work. Students will apply what they learn through a data analysis project that uses qualitative methods to investigate a research question. The course will provide practical skills that students can apply to senior projects, research, and class projects in other courses, graduate study, and professional work involving qualitative or mixed-methods research.

Assessments will be based on regular lab assignments, in-class presentations, and a final project. 

Level: Introductory/Intermediate. Prerequisites: None. Class limit: 15.  Lab fee: None.  Meets the following degree requirements: HS.",,HS
HS3106,W27,"Smith, Hillary",Blue Food Systems,M,"Just three aquatic species account for most seafood consumed in the US: shrimp, tuna, and salmon. But worldwide consumption is more diverse, including an array of finfish, invertebrates, aquatic plants, algae, and other animals. These ‘blue foods’ are fished, collected, gathered, or grown in the sea or freshwater and play essential roles in supporting human health, nutrition, livelihoods, and culture. Recent studies have shown that the top 7 categories of nutrient-rich animal-source foods are all aquatic in origin. So why do food policy and science still heavily focus on terrestrially produced foods, overlooking blue foods? This course will unpack this conundrum and examine blue food systems from ‘bait to plate’ by analyzing food production, provisioning, and consumption as interlinked activities. Blue food production includes small-scale and industrial harvesting and wild capture and aquaculture systems. Provisioning activities link production and consumption: the offloading of catch, storage and transportation of highly perishable foods, transformations from raw fish to the final product, and the marketing and distribution affected to reach consumers. Finally, consumption includes how we acquire our food, cook and eat it, and dispose of waste, as well as our nutritional and health outcomes. While conventional food policy and science have focused on food production in isolation, a food systems framework sheds light on dynamics that impact the flows and distribution of foods with equity implications: which foods are made by whom, where does food go, and who benefits? This course will introduce students to key changes in the goals and means of food policy, focusing on how the emergent dialogue on food systems in fisheries is reframing how we know and govern aquatic resources. A significant portion of the course will be dedicated to examining blue food case studies, which may include: seaweed farming in Tanzania, fishing cooperatives in Mexico, tuna longliners in the Mid-Atlantic, and Lobster fishing in Maine. Students will work in teams to analyze one of these case studies in-depth, applying a food systems lens to examine each case’s sustainability and equity challenges. Students will be evaluated through their participation in class discussions and in-class activities, weekly writing reflections, and co-leading a class with your case study team. The final project will be a group policy proposal outlining how stakeholders could better govern from a ‘food systems’ perspective in your blue food case study.

Level: Intermediate. Prerequisites: A prior course on food systems of fisheries is beneficial, but not required. Students will be (re)introduced to key concepts in the first few class sessions and apply them throughout the course. Class limit: 15. Lab fee: none. Meets the following degree requirements: HS.",,HS
HS3143,W27,"Taylor, Davis",Cooperation in Food Systems,M,"Human cooperation has always been central to the production of food. Ecological uncertainty, risk reduction, and physiological limitations meant that hunting, gathering, growing, and harvesting food was, for thousands of years, almost always conducted in cooperative social structures, and often is today. At the same time, food preparation and eating are often done in groups, providing a source of group identity and cohesion. This course examines cooperation in food systems, including the context of cooperative business structures such as agricultural co-ops, food co-ops, and worker-owned farms. We start with an examination of fundamental concepts of cooperation, including social embeddedness, social capital, and social networks, followed by ""cooperation dilemmas"" such as the prisoners' dilemma, altruism, and common pool resources such as fisheries and forests. We will then look at some of the particularities of cooperation and food, such as commensality (think beer and building pyramids), social explanations for hunting, and food accumulation as a source of power. We will then turn to the fundamentals of cooperative food businesses, with particular applications to production and purchasing of food, along with exploring how a cooperative economy preserves the best features of markets while being fundamentally different from capitalism. Materials with which we will engage will be journal articles, book chapters, and on-line interactive exercises, and possibly one or more field trips. Evaluation will be based on preparedness for class, participation in classroom discussions, and several classroom written exercises.

Level: Intermediate. Prerequisites: None. Class limit: 15.  Lab fee: None.  Meets the following degree requirements: HS.",,HS
MD2020,W27,"Kelly, Ro",Small Ruminant Practicum,I/M,"In this course students will develop an understanding of winter small ruminant management through course-work in lambing, reproduction, nutrition, and disease management. This class will have a heavy hands-on component and students will be expected to engage meaningfully with the sheep flock at Peggy Rockefeller Farm, assisting directly with the 2027 winter lambing season. Students will develop technical skills such as record keeping, body condition scoring, sheep hoof care, and vaccination. On-farm learning at PRF will be supplemented with local field trips and on-campus classroom learning sessions. Students will be expected to engage in lambing season through weekend and evening care shifts and to produce several written reflections and oral reports.

Assessment will be based on evidence that the student has completed assignments and readings, engaged actively with field trips to local farms, reflected thoughtfully about their hands-on learning, and actively participated in on-farm learning. 

Level: Introductory/Intermediate. Prerequisites: None.  Class limit: 10. Lab fee: $20.  Meets the following degree requirements: None.",,
AD2023,W27,"Coiner, Tom",Acting I,I/M,"This course is geared toward students with or without performance experience. Together we will establish a common language to define the most important tools for an actor. Through a series of games and exercises, students develop new skills and practice making bolder, clearer choices within improvised, devised or established scenes. The goals are to create confidence in any sort of performance situation and to find ways of applying acting skills to other academic and outside experiences. Evaluation is based on participation in class activities and discussion, successful completion of all performance projects, including productive rehearsal time and an organized portfolio of written responses. There will be at least one field trip. Default grading option for this course is CR/NC. 

Level: Introductory/intermediate.  Prerequisite: none.  Course limit: 12.  Lab fee: $50.  Meets the following degree requirements: ADS",,ADS
HS2095,W27,"Jacoby, Franklin","Philosophy of Science: Reason, Truth, and Reality",I/M,"What makes science special? In answering this question, this course will look at several more specific inquiries: Is science rational? Does science have an aim and does this aim have anything to do with truth or with reality? Is there a scientific method? Can science tell us how to live our lives? How should we understand the relationship between science and other systems of thought? This course will address these questions by examining texts from a number of 20th century philosophers. We begin with the earlier part of the century and the logical positivists. With this groundwork, we will then analyze the movement in philosophy of science towards an emphasis on history and on scientific practice, especially work by Kuhn, Feyerabend, and Toulmin. The final part of the course will discuss responses to these philosophers. By taking this course, students will become familiar with central issues in the philosophy of science, how to read dense texts, and how to develop a philosophical argument through writing. Students will be evaluated based on class participation, two take-home exams, and a final term paper.

Level: Intermediate.  Prerequisites: None.  Class limit: 12.  Lab Fee: none. Meets the following degree requirements: HS.",,HS
MD1037,W27,"Titcomb, Anna",Foundations of Human Nutrition,I,"This course will cover the fundamentals of human nutrition, including dietary sources and roles of the macronutrients (carbohydrate, protein, fat) and the micronutrients (vitamins and minerals). We will discuss the basics of human metabolism and digestive physiology, including blood sugar regulation, the gut microbiome, and role of supportive organs. We will examine ethical, cultural, moral, environmental, and accessibility considerations impacting practical food choices, from both an individual and systemic perspective. We will practice interactive learning through label reading, food sharing and taste-testing, and taking a field trip to the grocery store to examine how large food conglomerates have shaped and continue to shape the American food landscape.

Assessment will be based on attendance and participation in class and interactive situations, a midterm written exam, and a final project in which students will be encouraged to research and present nutritional information and considerations for a niche population or area of their own interest (e.g. pre/post-natal nutrition, regenerative agriculture/permaculture, indigenous or traditional foodways, slow food movement, athletic/sports nutrition, eating disorders, etc).

Level: Introductory. Prerequisites: None. Class limit: 14. Lab fee: None. Meets the following degree requirements: None.",,
ED4017,W27,"Schultz, Eloise",Integrated Methods IB: Grades 3-6 Reading and Writing,M/A,"This course is designed to prepare prospective teachers with methods necessary to implement a comprehensive literacy program for grades 3-6 to include: motivation and the upper elementary reader; helping middle grade students develop their writing voice through knowledge of language, vocabulary acquisition and use, and working with a variety of text; teaching critical, creative, and collaborative technology use; using multiple tools to differentiate instruction; creating and using rubrics/alternatives for assessing writing. The course content focuses on an integrated approach to the acquisition of literacy skills, current effective practices, lesson design, questioning techniques, and formative and summative assessment. Learning objectives address Maine’s teaching standards and Maine's Learning Results. There is a field studies component of 50 hours and there will be a weekly one-hour lab, shared with Integrated Methods IA: Gr PreK-3. Evaluation will be based on the quality of a course portfolio to include curriculum and assessment design, performance assessments, cooperating teacher feedback on classroom performance, and reflections on the fieldwork and required readings. 

Level: Intermediate/Advanced. Pre or corequisites: Child Development, Supporting Students with Disabilities, Integrated Methods IA: Gr PreK-3 Reading and Writing, and, if possible, Children’s Literature. Class limit: 12. Lab fee: $20. Meets the following degree requirements: HS, ED.",,HS ED
AD1075,W27,"Pike, Ross",Graphic Design Studio 1/ Visual Communication,I,"Visual communication is one of the most pervasive means of communication between humans. Graphic design, in the realm of visual communication, is a process used to effectively convey ideas and information visually through print, electronic media, products in the marketplace, and structural elements in the built environment. Its application may be promotional, editorial, informational,
expositional or investigational. It may cater to, or critique, - commercialism, colonialism,
capitalism, and advertising – or alternately be used to organize information and visualize complex data, or concepts. Is it possible to construct a visual message that will be received through the din and noise of our overstuffed media environment? Past other competing messages? What are some of the contemporary issues surrounding design and the roles and responsibilities of graphic designers in the workplace and in their communities?

In this introductory level studio course, you will become familiar with visual rhetoric and the basic elements, principles, and processes of graphic design that will help you to construct effective visual messages. You will work on a variety of conceptual visual communication projects in the realms of information design, editorial design, and promotional design. Lectures, demonstrations, assignments, critiques, historical teachings, and visiting professionals will offer a balanced framework for developing skills in creative perception, critical thinking and visual  communication. An emphasis is placed on these elements and evaluation will be weighted more heavily in these areas than technical expertise on the computer. However, you will be required to learn the basics of several computer graphic applications (Adobe Photoshop, Adobe Illustrator, and Figma) in order to complete coursework. You will receive basic instruction in these programs in class, but will be expected to attend scheduled lab times, and refer to online resources and guide books for specific tools and techniques that may be required to visualize your ideas. Tutorial times outside of class will be provided periodically throughout the term for additional technical instruction.

Level: Introductory. Prerequisites: None.  Class limit: 14. Lab fee: $85.  Meets the following degree requirements: ADS.",,ADS
HS3144,W27,"Rock, Jenny",Communicating Science,M,"This course is designed for science students developing their professional communication skills. It will improve students' writing ability by introducing them to writing both for the scientific community and for the lay public. The course involves understanding the protocols for writing a publishable scientific paper based on lab or field data, including learning to write an abstract and literature review. Students will also learn and apply visual and oral communication skills to construct and present a scientific poster and talk suitable for a scientific conference. In addition to working with the instructor and in-class peer reviews, students will work on the content of their writing and grammar with writing tutors. 

Level: Intermediate. Prerequisite: None. Class Limit: 12. Lab fee: None. Meets the following degree requirements: W.",,W
ED3012,W27,"Sanborn, Kelly",Supporting Students with Disabilities in the Reg. Classroom,M,"This is an introductory course in special education.  We will explore the needs of children with disabilities and techniques for meeting these needs in the regular classroom.  The course will emphasize both the social and instructional aspects of the concepts of inclusion, differentiation and serving students in the ""least restrictive environment"".  Participants will be introduced to concepts central to understanding the role of regular classroom teachers in meeting the academic, social, and emotional needs of students with disabilities. Objectives:  By the end of the course students will be able to:  identify and describe current issues and trends in education related to individuals with disabilities and their families; describe the Special education laws and procedures impacting individuals with disabilities; develop a working definition for each area of exceptionality in relation to achievement of educational goals, and develop strategies and resources for modifying, adapting and/or differentiating curriculum and instruction.

Level: Intermediate.  Prerequisite:  Introductory course in Education.  Class limit: 15. Lab fee: none. Meets the following degree requirements: ED",,ED
AD1071,W27,"Sebastian, Neeraj",Fundamentals of Painting,I,"In this course, students will be introduced to the basic aspects involved in the process of translating what they are observing in space onto two-dimensional surfaces in oil paint. Students will be introduced to the basics of color theory, mixing and matching colors, and also explore how color can change depending on context. Through the assignments we will investigate how form, volume, space and light can be captured in paint. Students will learn how to build their own frames and stretch and prepare canvases for painting and develop a studio practice, which includes cleaning and maintenance of brushes, the palette and other tools. A broad range of ideas and concerns in painting throughout history, from various parts of the world will be introduced in the class. In the last part of the term, different aspects of composition will be discussed: the way colors and shapes can work together to create an integrated image. Assignments will include quick paintings as well as paintings that are made over the course of multiple class sessions. The assignments over the course of the term will build students’ confidence in translating what’s in front of them, which makes the task of taking on the images in their heads, the images they are interested in, less daunting.
Students will learn how to look at and analyze their peers’ work and provide them with constructive feedback during critiques. Previous drawing experience at high school or college level is strongly recommended. Evaluation will be based on how the specific criteria set for each assignment are met, participation and engagement during critiques, and receptivity to feedback.

Level: Introductory. Prerequisite: None, but previous drawing experience at high school or college level is strongly recommended. Class limit: 12. Lab fee: $125. Meets the following degree requirements: ADS.",,ADS
AD1077,W27,"Sebastian, Neeraj",Fundamentals of Drawing,I,"This is an introductory drawing course. Students will work primarily from direct observation to translate what they are seeing onto paper using dry and wet media. In their drawings, students will learn how to articulate a broad range of values in charcoal and investigate how tone and line can communicate a sense of space and form. Students will learn sighting and measurement techniques to translate relative proportions across their compositions. A broad range of ideas about composition and organization of forms will be introduced by engaging with the work of artists from different parts of the world throughout history. Students will work with a variety of materials and techniques: from charcoal to ink to using collage to deconstruct and then rebuild spaces.
Evaluation will be based on the completion of exercises and assignments in a way that demonstrates an understanding of the concepts and ideas introduced in the class, engagement with course materials, participation in discussions and critiques, and the ability to respond to feedback in one’s work.

Level: Introductory. Prerequisites: None. Class limit: 12. Lab fee: $80. Meets the following degree requirements: ADS.",,ADS
MD5012,W27,"Baker, Jodi","Politics, Body, Representation",A,"Drawing on performance studies, movement training, postcolonial studies and feminist theory, this class will investigate understandings of what is made to count as ""political"" in relation to claims about representation and the body. Over the course of the term, we will investigate and produce a range of conditions through which we consider ideas about responsibility, decision, the unknown and unexpected, repetition and difference, translation and dialogue, and relations of individual to group. We will do so through learning about the ways in which bodies matter in the fields of theatre, anthropology and literature. Both anthropology and theatre are often presumed to be vehicles for representation and for political change, but they have also posed questions about how the body challenges assumptions about representation and politics. This course will grapple with assumptions that politics is primarily about representation, speaking in ""one’s own name,"" or in the name of others. We will take questions about representation and its limits as a point of departure to consider the significance of the body (and bodies) for understandings of politics. We will focus on questions of affect, the sensory, proximity, temporality, scale and place. In so doing, we will consider the idea of politics as based on a relation and response to an other, rather than on representation. In turn, we will address questions about the relationship between art and politics. Classes will include movement training practices and seminar discussion. Course materials may include works by Hannah Arendt, Anne Bogart, Charlie Chaplin, Charles Darwin, Jacques Derrida, Sarah DeLappe, Cornelius Eady, Shoshana Felman, Sigmund Freud, Brandon Jacobs-Jenkins, Valeria Luiselli, Jean-Luc Nancy, William Shakespeare, Sophocles, Tadashi Suzuki and Anna Tsing. Students will be evaluated based on class participation,  collaborative group projects, seminar discussion, short topic responses, and a final project. 

Level: Advanced.  Prerequisites: permission of instructor; priority will be given to students who have successfully completed advanced coursework in Literature, Anthropology or Performance Studies. Class limit: 12.  Lab fee: $50. Meets the following degree requirements: None.",,
,W27,"Muller, Brook",[no classes],,,,
AD4063,W27,"Ialeggio, Anna",Tutorial: Advanced Ceramic Techniques,M/A,"This is a ceramics tutorial for intermediate or advanced practitioners and requires foundational skills in hand building and/or wheel-throwing. It is designed to support students’ continued development of ceramic technique.  Students enrolling in this tutorial must prepare an individualized work plan outlining their goals and objectives before the start of the term. Each  work plan will blend studio work with research, including but not limited to global, historical and contemporary frameworks. There will be three required group check-ins over the course of the term, plus individual meetings at the discretion of each student. As always, we’ll share the joy and responsibility of running a communal studio.

Students who successfully complete this course will gain experience following through on an arc of independent research and study; communicating and experiencing ideas through ceramic forms in real time and space; and giving and receiving both practical and creative feedback in real time, in response to the unique efforts and ambitions of peers. In addition, students will learn to act confidently on a thorough understanding of the material and chemical transformations present in mid-fire ceramic processes and confidently contribute to the management of a community clay studio.

Evaluation will be based on follow-through of independent studio and research plan, substantial studio time, timely completion of all projects with corresponding group feedback sessions, and consistent involvement with studio maintenance.

The default grading option for this tutorial is credit/no credit. 

Level: Intermediate/Advanced. Prerequisites: At least one college-level course or significant previous experience. Class limit: 6. Lab fee: $120. Meets the following degree requirements: None.",,
HE1010,W27,"Ialeggio, Anna",Human Ecology Core Course,I,"Human Ecology is the interdisciplinary study of the relationships between humans and their natural and cultural environments.  The purpose of this course is to build a community of learners that explores the question of human ecology from the perspectives of the arts, humanities and sciences, both in and outside the classroom.  By the end of the course students should be familiar with how differently these three broad areas ask questions, pose solutions, and become inextricably intertwined when theoretical ideas are put into practice.  In the end, we want students to be better prepared to create their own human ecology degree through a more in-depth exploration of the courses offered at College of the Atlantic.  We will approach this central goal through a series of directed readings and activities.

Level:  Introductory.  Lab fee: $30.  Meets the following degree requirements: HE",,HE
AD1081,W27,"Ialeggio, Anna",SciFi & Sculpture: world-Building as Art Practice,I,"What do science fiction and sculptural installations have in common? The manifestation of momentary, immersive, and provocative new worlds! In this hybrid studio/seminar class, we will move between readings of ecologically-themed science fiction, environmental nonfiction, poetry, and theory, alongside the practice of making together in real time and place. Several short, open-ended individual prompts will lead us gradually towards a large-scale, immersive installation at the end of the term—the theme, location and manifestation of which we will develop as a collective. Sculptural materials that we’ll work with together will include textiles, paper mache, and cardboard. In addition, students will be investigating and sharing techniques to bring to the class throughout the term. Readings may include but are not limited to: Ursula K Le Guin, Hakim Bey, N.K. Jemisen, Octavia Butler, Kim Stanley Robinson, Cixin Liu, Barry Lopez, Tracy Rosenthal, Anna Tsing, Jakob Von Uexküll, and Donna Haraway. World-building visual artists that we’ll look to may include but are not limited to: Adrián Villar Rojas, Cecilia Vicuña, Jennifer Moon, Cannupa Hanska Luger, Candace Lin, Mel Chin, Agnes Denis, and Joan Jonas. Depending on the season, we may make site visits relating to our developing themes.

Evaluation will be based on participation in class activities (exercises, presentations, readings, discussions, occasional writing and/or drawing prompts), significant studio time outside of class, timely completion of all projects with corresponding group critique sessions, and contributions towards a collective practice. A sketchbook is required.

Level: Introductory. Prerequisites: None. Class limit: 12.  Lab fee: $60. Meets the following degree requirements: ADS.",,ADS
AD6030,W27,"Henderson, Jonathan",Samba Percussion Ensemble,,"Samba is one of music’s great spectacles – loud, coordinated, precise, and kinetic. The music is equally at home on the stage and in the street. All are welcome to participate in COA’s samba percussion ensemble. The individual percussion parts range in complexity so the music suits a wide range of skills and levels of experience. The musical repertoire for the ensemble will be developed in coordination with Caique Vidal, a Brazilian percussionist who will visit the class (virtually) on a few occasions to offer perspective and insights drawn from his experience with the music. Alongside rehearsal and performance, students will study the history of samba music in Brazil. We will read Barbara Browning’s Samba: Resistance in Motion and also discuss what the music’s recontextualization to a college campus in Maine might mean for its performers and listeners. Student assessment will be based on rehearsal attendance, class discussion participation, reading response journals, and a final group presentation.

Level: Variable, Introductory through Advanced. Prerequisites: None. Class limit: 20.  Lab Fee: $60. Meets the following degree requirements: ADS",,ADS
AD1078,W27,"Henderson, Jonathan",Shellac to Spotify: 100 Years of Recorded Music,I,"Around one hundred and fifty years ago people’s relationship to sound and listening began to fundamentally change. No longer just an ephemeral phenomenon, sound became a thing that could be captured, stored, and played back. The first sound recording technology, the Edison Tin Foil Phonograph, induced a minor social panic; people described being unsettled by the uncanny experience of listening to voices from the past. We now take this ability to listen and re-listen to events from the past for granted as we stream music into our earbuds, enjoy the heightened emotions brought on by a film or television score, or feel our bodies resonate with rumbling bass frequencies at a dance party. Shellac to Spotify: 100 Years of Recorded Music explores how music and technology have coevolved over the past hundred years to shape our relationships to sound, music, and listening. We will approach these questions with both hands-on assignment and from the perspectives of the academic fields of ethnomusicology and sound studies. Students will experiment with music technologies: creating an analog cassette mix tape, soldering together a theremin, composing with analog synthesizers, conducting low-power radio transmissions, experimenting with autotune and digital sequencers, exploring algorithmic music composition, and learning the basics of sound recording and editing in a digital audio workstation (DAW). In addition to weekly hands-on activities, students will read academic texts exploring how the intersection of music and technology reflect and condition social values, norms, and ways of knowing the world. For a final project, each student will create a short podcast that examines a musician, song, or music technology in historical and social context. Student assessment will be based on attendance, the completion and thoroughness of assignments and projects, participation in seminar discussions, and the end-of-term podcast project. 

Level: Introductory. Prerequisites: None. Class limit: 12.  Lab fee: $70. Meets the following degree requirements: ADS.",,ADS
AD4066,W27,"Ferrari, Melissa",Animating the Museum: Natural History Films,M/A,"In this course, students will create research-based live-action or animated short films for display in the Dorr Museum of Natural History. Students will be welcome to work individually or in small collaborative teams, with students focusing on their own production for the entirety of the term. Students will conduct research, pitch their proposals to the Dorr Museum Committee, and develop a production schedule to complete their projects by the end of the course. Students will determine the ideal outcome for their production, but forms might include hand-drawn animated scientific visualizations, short live-action documentaries, stop motion experimental films, or puppet film PSAs. Through this course, students will gain professional experience in creating commissioned film projects for public display and communicating with a client.

Embracing filmmaking as a tool for science communication and education, we will discuss the moving image’s ability to activate museum archives; approaches to balancing didactic storytelling with creativity; and considerations like research methodologies, paratextual materials, and the impacts of display techniques.

The class will collaborate with Dorr Museum staff to identify potential project subjects, which may include: films about the ethics of human-bear interactions; animated visualizations of ocean tides and whale feeding methods; stop motion animations of museum specimens, including taxidermy and study skin preparation techniques; and profiles on COA’s marine biology research initiatives. Additionally, artists might use this opportunity to illuminate the Dorr Museum’s extensive archives that are not on display.

Filmmaking experience is recommended, but students with a strong portfolio in visual arts, photography, sound arts, or scientific visualization will be considered. Supplementary technical workshops will provide students with instruction in the necessary software and tools, including Dragonframe and Adobe Premiere. 

Students will be evaluated on the successful and timely completion of their production, critical engagement with research, and thoughtful participation in conversations with museum staff and class critiques. 

Level: Intermediate/Advanced.Prerequisites: At least one art, photo, film, science communication or animated class recommended. Class limit: 12. Lab fee: $100.  Meets the following degree requirements: ADS.",,ADS
AD4058,W27,"Ferrari, Melissa",Devices of Wonder: Moving Pictures,M/A,"Exploring what Athanasius Kircher referred to as “The Great Art of Light and Shadow,” this course will traverse a variety of early optical devices that create the illusion of moving pictures. Focusing on inventions from the 12th to 19th centuries, we will study objects such as camera obscuras, magic lanterns, moving panoramas, Pepper’s Ghosts, and stroboscopic animation devices like zoetropes. While often considered precursors to cinema, the histories of these technologies extend beyond film to the realms of science, philosophy, theater, ritual magic, and illusion. Through screenings and readings, we will discuss how spirituality, scientific experimentation, industrialization, and capitalism shaped the invention, spectacle, and social contexts of these devices. With a perspective rooted in media archaeology, the course will trace lineages between antiquated instruments and modern technologies, highlighting concepts like stereoscopy, illumination, projection, phantasmagoria, and animation. Lectures will also feature contemporary artists and filmmakers who create works inspired by these historical apparatuses. Students will experience the wonder of these technologies through hands-on workshops and assignments in which they will recreate several devices. The course will culminate in two larger projects where students will make artwork, film, or performance based on the objects, histories, and concepts discussed in class.

Students will be evaluated on their successful completion of workshops and projects, critical engagement with reading/screening materials, and thoughtful participation in class discussions.

Level: Intermediate/Advanced. Prerequisites: Previous experience in film, animation, photography, or film studies is recommended but not required. Class limit: 12. Lab fee: $70. Meets the following degree requirements: ADS.",,ADS
AD4019,W27,"Clinger, Catherine",Studio Printmaking,M/A,"Printmaking is the process of transferring an image from one surface to another.  A print mirrors the surface whence it came and also performs as a reflection of the physical and/or immaterial realms of objects and ideas.  Representing concepts clearly in any medium requires an artist to engage in thoughtful collaboration with materials in order to realize the potential of form as a means of expression.  This studio course will explore ways to address this aesthetic challenge through printmaking.  Students will acquire basic skills as printmakers with an emphasis on relief (woodcut and linocut) and intaglio (line etching, engraving and aquatint) techniques.  They will also develop a broad understanding of the history of prints; how they have functioned to communicate, document, and transmit information through images on paper.  Students will be evaluated on their projects, participation in critiques, level of engagement with materials, ability to work in a collaborative studio, and final project. 

Level: Intermediate/Advanced.  Prerequisite: Permission of the instructor, Introduction to Arts and Design, and a drawing class.  Class limit: 8. Lab fee: $200.  Meets the following degree requirements: ADS",,ADS
HE1010,W27,"Baker, Jodi",Human Ecology Core Course,I,"Human Ecology is the interdisciplinary study of the relationships between humans and their natural and cultural environments.  The purpose of this course is to build a community of learners that explores the question of human ecology from the perspectives of the arts, humanities and sciences, both in and outside the classroom.  By the end of the course students should be familiar with how differently these three broad areas ask questions, pose solutions, and become inextricably intertwined when theoretical ideas are put into practice.  In the end, we want students to be better prepared to create their own human ecology degree through a more in-depth exploration of the courses offered at College of the Atlantic.  We will approach this central goal through a series of directed readings and activities.

Level:  Introductory.  Lab fee: $30.  Meets the following degree requirements: HE",,HE
,W27,"Soares, Zach",[no classes],,,,
AD2029,W27,"Clinger, Catherine",Contemporary Artist as Activist and Researcher,I/M,"The student will be introduced to a contemporary stream of visual culture that places nature, ethos, competing ideologies, and our relationship to these within the context of emergent forms of art activism. In response to environmental and social crisis, theory and praxis figure significantly in the work of artists and artist collectives from around the globe whose practice manifests as socially engaged art (SEA) defined by Pablo Helguera; data/information reimagined as by Mona Hatoum and Trevor Paglen; or examinations of reconciliation and mass trauma in the work of Doris Salcedo and Kara Walker. In some cases, artworks engage with nature/culture by their placement in site-specific locations, through new modes of picturing, and/or through the appropriation of hypothetical scientific musings or emerging technologies (e.g., Ed Atkins, fictionalized genetic hybridization and subversion of surveillance tools). Many of the artists we examine make use of new tools designed for industrial purpose, medical, agricultural, or scientific research. Others further participatory dialogues within anti-racist, de-colonizing, and queer-centred discursive practices. This work is inherently transdisciplinary and human ecological in disposition and character. Many of these producer-artists appropriate the role of “researcher” in order to bring attention to ecologies that human beings have disrupted or will disrupt. Doris Salcedo, Tacita Dean, Kara Walker, Mark Dion, Shirin Neshat, Ai Weiwei, Andra Ursuta, Karim Ben Khelifa, Raven Chacon, Frances Alys, Natalie Jeremijenko, Guillermo Galindo, among others, will be considered. Evaluation is based on class participation, evidence of completion of weekly readings, a final paper, and a class presentation. 

Level: Introductory/Intermediate.  Prerequisites: none.  Lab fee: $50.  Class limit: 15. Meets the following degree requirements: AD HY",,AD HY
HS6012,S27,"Cox, Gray",Learning a Language on Your Own,,"The goal of this course to help each student design and implement an effective learning program for the study of a language of her choice at whatever level of learning she is currently at.  A very wide variety of  general strategies, resources and practical advice for independent language learning are reviewed in  weekly class sessions along with progress and reflection reports from each student that can help guide and motivate independent work. The core common text for this work will be Betty Lou Leaver, Madeline Ehrman and Boris Shekhtman’s ""Achieving Success in Second Language Acquisition"".  The primary focus of the class is on the development and implementation of each student’s individually designed plan for learning a language of their choice.  Materials for this will be identified by each student as part of their work on their chosen language. Progress in these plans are discussed in one on one weekly meetings with the teacher.  Plans may include the use of software, peer tutors, Skype, videos, standard texts, flash cards, specialized technical material, music, visual art, field trips, and a wide variety of other materials as appropriate.  Evaluation will be based on the clarity, coherence and effectiveness of the student’s developed plan and the discipline with which they actually pursue it and revise it appropriately as the term progresses. Students will be asked to meet with the instructor prior to the start of the term to discuss their motivation, aims, possible resources and possible plans for language learning after the course is over.  

Level: Variable.  Prerequisites: Permission of the instructor.  Class limit: 10.  Lab fee: $35. Meets the following degree requirements: HS.",,HS
HS3123,S27,"Khor, Su Yin","Research for change: Writing, language, socialjustice",M,"We face many day-to-day issues, such as climate change, discrimination, economic challenges, and an increase in disinformation. To solve these problems, we typically address flawed policies and practices. However, what is often overlooked is the role that writing and language play in maintaining—but also transforming—these structures. How do writing and language intersect with social (in)justice? And why does this matter to us as we try to solve social issues?

In this class, we will examine how social issues intersect with writing and you will develop an understanding of the role of language and discourse in social life. Topics include—but are not limited to— language and discrimination, language and gender, and diversity in language. To learn more about different social issues, we will conduct research, analyze discourse, and engage critically with information. While information is readily available, there has also been a significant growth in disinformation. How and where can we find trustworthy information about a social issue in an ocean of (dis)information? This course will help you refine your research practices and you will learn how to navigate and evaluate information.

For this course, a basic understanding of citation practices, how to navigate style guides, and an interest in analyzing discourse will be beneficial. Class activities are discussion-based and guided by readings on topics related to linguistics and discourse. You will participate in hands-on activities to sharpen your research skills and ability to locate and evaluate information. You will also be introduced to the basics of discourse analysis. Assignments are based on research on a social issue that matters to you. In-class activities and assignments are used to assess your learning, research practices, and understanding of the role that writing and language play in maintaining social (in)justice.

Level: Intermediate. Prerequisites: None.  Class limit: 12.  Lab fee: None.  Meets the following degree requirements: HS, W.",,W HS
HS3076,S27,"Collum, Kourtney",U.S. Farm & Food Policy,M,"This course offers a broad introduction to food and farm policy in the United States. Food and farm policy encompasses laws, regulations, norms, decisions, and actions by governments and other institutions that influence food production, distribution, access, consumption, and recovery. This course focuses on the policy process and two major policy tools: the U.S. Farm Bill and U.S. Dietary Guidelines for Americans.

The course begins with an overview of the evolution of food and farming technology in the United States. Students are then introduced to the concepts, institutions, and stakeholders that influence farm and food policy, and examine examples of some of the most salient contemporary issues. Topics covered include: food production and the environment; farm-based biodiversity conservation; international food and agricultural trade; food processing, manufacturing, and retail industries; food safety; dietary and nutrition guidelines; food labeling and advertising; food and biotechnology; food waste and recovery; food advocacy and activism; and food insecurity and the Supplemental Nutrition Assistance Program (SNAP). Through case studies and exercises students examine the policymaking process at the local, state, and federal level and learn to evaluate various policy options. Finally, the course compares and contrasts international perspectives on farm and food policies and programs. Students are evaluated based on participation in class discussions, a series of op-ed essays, in-class briefs and debates, and a policy recommendation report on the upcoming U.S. Farm Bill.

Level: Intermediate.  Prerequisites: Must have taken at least one course in food systems, economics, or global politics.  Class limit: 24.  Lab fee: none.  Meets the following degree requirements: HS",,HS
HS-New,S27,"Cline, Ken",Envisioning the Land,,,,
HS4026,S27,"Cline, Ken",Environmental Law and Policy,M/A,"This course provides an overview of environmental law and the role of law in shaping environmental policy.  We examine, as background, the nature and scope of environmental, energy, and resource problems and evaluate the various legal mechanisms available to address those problems.  The course attempts to have students critically analyze the role of law in setting and implementing environmental policy.  We explore traditional common law remedies, procedural statutes such as the National Environmental Policy Act, intricate regulatory schemes, and market-based strategies that have been adopted to control pollution and protect natural resources.  Students are exposed to a wide range of environmental law problems in order to appreciate both the advantages and limitations of law in this context.  Special attention is given to policy debates currently underway and the use of the legal process to foster the development of a sustainable society in the United States.  Students are required to complete four problem sets in which they apply legal principles to a given fact scenario.

Level: Intermediate/Advanced.  Prerequisites:  Introduction to the Legal Process or Philosophy of the Constitution strongly recommended.  Offered at least every other year.  Class limit: 20.  Lab fee $10.  Meets the following degree requirements: HS",,HS
HS3068,S27,"Cox, Gray","Linguistics, Language and Culture: A Human Ecological Approach 
OR HS4054 Philosophies of Love",M,"This course explores the basic questions concerning the origins, nature, history, functions and philosophical significances of human languages. Comparisons to other species and to machine languages will also be examined. Readings will include classics texts by Chomsky and others as well selected materials from diverse disciplines such as linguistic anthropology, psychology, ethology, aesthetics, history of languages, and philosophy. Class sessions will include a mix of discussion, lecture, and visiting speakers. Each student will undertake a term-long project examining some topic of interest and examine it from the point of view of the different disciplines and theories covered in the course. Project topics might include, for example: the development of identity, the articulation of gender, forms of representation, the expression of emotion, concepts of rationality, relations between meaning and truth, and communication in an age of artificial intelligences. The goals of the course are: 1) to familiarize students with the range of phenomena associated with language and the principal questions they raise and the theories used to interpret them and 2) to develop skills in researching interdisciplinary questions. Assignments will include two problem sets, a series of weekly homework exercises, and the term project which must be presented both orally and in a major paper due at the end of the term. Evaluation will be based on the extent to which in-class participation and work on the assignments demonstrates substantive progress on the two goals of the course. There are no specific prerequisites, but students will be expected to be able to contribute insights, information and questions from previous work in relevant disciplines and/or studies of languages, undertake challenging readings, and pursue a major independent project. 

Level: Intermediate.  Prerequisites: None.  Class limit: 20.  Lab fee: $20.  Meets the following degree requirements: HS",,HS
ED1016,S27,"Hill, Ken",Intro to Adolescent Psychology,I,"This course focuses on the segment of the human life span from puberty to early adulthood.  In this class we will examine the physical, cognitive, social, and moral aspects of adolescent growth and development.  Issues to be considered include adolescent relationships (peers, family, romantic), adolescent issues (identity formation, at risk behavior, schooling, and stereotypes), and critical reflection on one's own adolescent experience. The main objectives of this course are to: 1) provide students with a working knowledge of the theories of psychology which pertain to early adolescent development; 2) help students develop the ability to critically analyze information and common assumptions about the development of adolescents; 3) consider contemporary issues and concerns of the field; and 4) to afford students the opportunity to explore their own adolescent development.  Course work entails lecture, discussion, extensive case analysis, and a field component.

Level: Introductory. Prerequisite: None. Class limit: 15. Meets the following degree requirements: HS ED",,HS ED
,S27,"Fuller, Linda",TBD,,,,
ES-New,S27,"Todd, Sean",Science of Photography,,,,
HS2121,S27,"Donovan, Martha","Writing as Art, Craft, and Social Change",I/M,"We write to discover what awes us, what questions we most need to ask, what conversations we hope to join, what causes we are drawn to support, what convictions we want to voice, and what ways we can write the world anew. Writing is both an art and a social action that can change us and our audiences. That is the province of this course.

We will read and analyze various forms of writing (genres) on a broad range of social and policy issues, such as the value of wonder, the importance of antiracist work, the need for accessibility policies on college campuses, and other issues. We will consider the craft, context, audience, purpose, and possibilities of these texts as guides for our own writing. We will focus on the possibilities of the written and spoken word; the power of our distinct and unique voices; the importance of taking risks in our thinking and writing; the messiness, urgency, and necessity of the writing process; and the value of intellectual inquiry and the seamless integration and documentation of researched material. 

Students will address current issues of pressing concern and personal relevance in their own writing in three different selected genres (e.g., reflective essay, commentary, letter to editor, Commencement speech, testimony, proposal, open letter, personal statement, etc.). Students will examine and develop strategies for writing with curiosity, clarity, complexity, creativity, courage, and compassion as they invite their audience to consider their ideas and invitations/calls to action. Students will write about issues that matter to them, ones of interest to a local (Mount Desert Island or home town), state (Maine or home state), and/or national audience.

Classwork will include various analytical, generative, and collaborative exercises designed to help with matters of language, craft, technique, and rhetorical awareness. Students will write for a public audience and participate in active engagement with each other’s work.

Authors (representing a range of genres and topics) will likely include Annie Dillard, Rachel Carson, Barry Lopez, David Whyte, Margaret Renkl, Toni Morrison, Martin Luther King Jr., Terry Tempest Williams, and others. Students will also select a longer text to read from a list of authors that may include Jonathan Safran Foer, Susan Cain, Felicia Rose Chavez, Claudia Rankine, and others.

Students will be evaluated on class participation, written assignments, writing process, and presentations. 

Level: Introductory/Intermediate. Prerequisites: None.  Class limit: 12.  Lab fee: None.  Meets the following degree requirements: W, HS.",,W HS
HS5022,S27,"Friedlander, Jay",Hatchery,A,"The Hatchery is applied Human Ecology in action; it offers students a bridge from coursework to actively creating their vision of the future. The Hatchery gives students from across the campus the opportunity to move from ideas to action. Hatchery students work either individually or in teams on a wide array of enterprises. Past projects have included: urban farming; international development; policy and planning; photography and film; alternative transportation; biofuel production; renewable energy; food systems; the arts; furniture production; technology development; social enterprise. Ventures have been for-profit and non-profit, encompassing the range from local businesses to scalable start-ups. Students selected for the Hatchery are required to devote an entire term to launching their venture. Each Hatchery enterprise, whether a team or an individual, must take the course for a minimum of three credits. Along with weekly instructional meetings, students receive office space, supplies, professional services, mentors and potential access to seed capital to develop their ventures. After the initial ten weeks of class, if students decide to continue their enterprises, they have access to the Hatchery space and resources for an additional nine months. 

The Hatchery takes place in three phases:
--Application:  Students apply for a position in the Hatchery over winter term. 
--Rapid Prototype:  The ten weeks of the Hatchery course. Students create a rapid prototype to test their ventures in the marketplace. These prototypes vary widely depending on the type of ventures.
--Creating an Enterprise Structure:  During the ten weeks of the course, students will have weekly assignments that introduce key elements in an organizational structure and highlight operational considerations that are universal amongst enterprises.
--Development:  The following 9-months. Students have access to the Hatchery space and resources to continue developing their enterprises. Grading is credit/no credit only.

Level: Advanced.  Prerequisites:  Permission of instructor.  Class limit: 8.  Lab fee: none. Meets the following degree requirements: HS.",,HS
HS-New,S27,"Lakey, Heather",Philosophies of Self,,,,
,S27,"Waldron, Karen",[No courses],,,,
HS4087,S27,"Little-Siebold, Todd",History Workshop: Wabinaki Studies,M/A,"This class will be an empirically-based research seminar on the history, politics, archaeology, and culture of Maine’s Wabanaki tribes that tackles a wide range of issues. The class will consist of several group projects on topics such as cataloging indigenous place names to the loss of cultural heritage sites due to coastal erosion. After completing several of these projects, students will develop their own research project on Wabanaki history and culture that they will conceptualize, plan and carry out. The class will also cover the themes of colonialism, cultural revitalization, tribal sovereignty, preservation of cultural resources, and much more. The course will be based on projects developed in consultation with tribal cultural preservation specialists and tribal historians from Maine’s Wabanaki communities. Final projects, so long as they have a historical component, can explore a topic of the student’s choosing in consultation with the faculty. This class is appropriate for students from a range of backgrounds. Previous coursework such as Indigenous America, Native American Law, Race and Racism in America, the Yucatan Program, or other relevant courses will be extremely helpful, and preference will be given to students who have some previous academic background in historical research, indigenous studies, and ethnography. Students who have taken classes with a strong component of textual analysis of historical sources are also encouraged to take the class. Students will learn to work with both primary and secondary sources (both written and visual). Students will be evaluated on their contribution to the group projects, participation in discussion, several small assignments, and their final project.

Level: Intermediate/Advanced.  Prerequisites: None.  Class limit: 12.  Lab fee: $60.  Meets the following degree requirements: HS, HY",,HS HY
HS2020,S27,"Longsworth, Gordon",GIS I: Foundations and Applications,I/M,"Ever-rising numbers of people and their impact on the Earth's finite resources could lead to disaster, not only for wildlife and ecosystems but also for human populations. As researchers gather and publish more data, GIS becomes vital to graphically revealing the inter-relationships between human actions and environmental degradation. Much of what threatens the earth and its inhabitants is placed-based. Solutions require tools to help visualize these places and prescribe solutions.  This is what GIS is about. Built on digital mapping, geography, databases, spatial analysis, and cartography, GIS works as a system to enable people to better work together using the best information possible. For these reasons, some level of competency is often expected for entry into many graduate programs and jobs, particularly in natural resources, planning and policy, and human studies. The flow of this course has two tracts, technical and applied. The course begins with training in the basics of the technology. Then, skills are applied to projects that address real-world issues. Project work composes the majority of course work and each student has the opportunity to develop their own project. Because GIS provides tools to help address many kinds of issues, GIS lends itself well to the theory of thinking globally and acting locally. Projects often utilize the extensive data library for the Acadia region developed by students since the lab was founded in 1988. The GIS Lab acts as a service provider to outside organizations and students can tap into the resources of a broad network of groups and individuals working towards a more sustainable future. Course evaluations are partially based on the on-time completion of exercises and problem sets. Most of the evaluation is based on critique of student independent final project work and related documentation.

Level: Introductory/Intermediate. Pre-requisites: Basic computer literacy. Class Limit: 10. Lab Fee: $75. Meets the following degree requirements: HS.",,HS
HS-New,S27,"Mahoney, Dan","Fallah-mankoub: Politics, Performance and Culture in Andalucía",,,,
HS3038,S27,"McKown, Jamie",The Cold War: Later Years,M,"This course provides a broad historical overview of the early years of the “Cold War” period that shaped global politics generally and American foreign policy specifically. Beginning with the election of  Richard Nixon's in 1968 and following up to today, we will focus on the diplomatic relationship between the United States and the Soviet Union/Russia and how this relationship has impacted state actors, economic policies, cultural production, and conceptions of identity. While there will be a heavy focus on traditional state-level diplomatic history, students will also explore a broad array of methodological approaches. Class sessions will include a mix of traditional lecture formats, class discussion, and outside presentations. An evening lab is scheduled in order to screen a variety of cultural artifacts from the various periods we will cover. The primary goal is to give students an intensive 10-week crash course into key events, concepts, figures, etc.. that defined the later decades of Cold War diplomacy. At the same time there is also time allocated for students to explore their own independent research interests. Given the far-reaching force of Cold War politics into everyday life, individuals with widely varying academic interests will find the course informative and productive. Evaluation will be based on a mix of class participation, individual research assignments, and exams.While this class is designed to compliment the topics covered in The Cold War: Early Years, students are not required to have had this earlier class. Both courses are designed as ""stand alone.""  All students, regardless of their backgrounds, previous coursework, or interests are welcome. 

Level: Intermediate. Class limit: 20. Lab fee: none. Meets the following degree requirements: HS HY",,HS HY
HS-New,S27,"Nguyen, Hien","What's Left
OR HS1127 Political Economy of AI",,,,
ES1022,S27,"Todd, Sean",Introduction to Oceanography,I,"Planet Earth is misnamed. Seawater covers approximately 70% of the planet's surface, in one giant all-connected ocean. This ocean has a profound effect on the planet's climate, chemistry, ecosystem, and energy resources. Billions of years ago life began there, in what now we regard as the last unexplored frontier of this planet.  In this course we examine the various disciplines within oceanography, including aspects of geology and sedimentology, chemical, dynamic and biological oceanography. The course concludes with an introduction to marine ecosystems examined at various trophic levels, including phyto/zooplankton, fish and other macrofauna. Fieldwork (weather dependent) includes trips on RV Indigo, trips to intertidal and estuarine ecosystems, and possible visits to the college's islands, Mount Desert Rock and Great Duck Island. Evaluation will be by lab, quizzes and a final paper.

Level: Introductory. Lab fee: $200. Class limit: 15. Meets the following degree requirements: ES",,ES
HS1123,S27,"Nguyen, Hien",Introduction to Macroeconomics,I,"This course provides an introductory lens to understand the economy as a whole – the macroeconomy – and how its various parts interact. We will study topics such as (i) the short-term fluctuation of the general price level, employment level, and total output level, (ii) the linkages between structural unemployment, economic inequality, and government policies, and (iii) the long-term trajectory of economic growth and the unevenness of capitalist development. Some of the key questions we will explore include: How do we measure the macroeconomy, and what do our conventional measurements often leave out? Why do cyclical economic booms and busts exist and what drives them? What can governments do to limit the costs of job loss on workers? Looking globally, why are some countries rich and other countries poor? How have global living standards improved over the long run, and at what cost to humans, non-human beings, and the environment?

This course aims to increase your ability to use abstract, quantitative models to describe and articulate the various ways in which macroeconomic factors frame the condition of possibilities for people, their families, and their communities. Upon completion of this course, you will have developed practices of thinking critically and politically about public policies and debates. You will also expand your capacity for numerical literacy and quantitative skills such as drawing valid conclusions based on data and communicating your reasoning and results effectively and clearly. The course is especially valuable for students with interests in civic engagement, social justices, political transformation, and sustainable development. Previous knowledge in economics, calculus, statistics, and linear algebra is not necessary. Familiarity with elementary algebra will be helpful but not required. Students’ learning will be assessed through problem sets, and take-home exams.

Level: Introductory. Prerequisites: None. Class limit: 15.  Lab fee: None.  Meets the following degree requirements: HS, QR.",,HS QR
HS6065,S27,"Stabinsky, Doreen",Worldmaking After Empire,,,,
HS-New,S27,"Taneja, Palak","Object, Memory, Literature OR Setting Sail with Amitav Ghosh",,,,
HS1130,S27,"Taneja, Palak",College Seminar: Women in True Crime,I,"Commercialized in the 16th century through ballads and pamphlets, true crime has been around for a bit. Yet it is in the recent decade or so, with the proliferation of streaming services, social media, and the popularity of podcasts as a genre, that we see a rising interest among women both in the production and consumption of true crime. Statistics vary depending on the source, but the general consensus is that somewhere between 65-80% of the audience for true crime is women. What then is the root of this fascination? What role does gender play in it? And how do we wrap our minds around this phenomenon and the elements—violence, sensationalism, exploitation of victims—that come along with it? These are but some of the questions that we will delve into in this class.

Using a genre-based approach, we will study and analyze women-centric true crime books, case files, articles, blogs, podcasts, and documentaries. Our focus will not only be on the content of these works, but also on the forces that shape the writing/composing process: that is, the purpose (awareness, entertainment, reporting, etc.), the intended audience (detectives, true crime enthusiasts, academics, etc.), and the like.  For example, when we read I’ll Be Gone in the Dark by Michelle McNamara and watch the show by the same name, we will devote time to understanding and writing about the stylistic choices that might be particular to a genre, here a non-fiction book and documentary, respectively. Some other examples of works that we would look at are Crime Junkie by Ashley Flowers and Brit Prawat, and Gone Girls: The Long Island Serial Killer by Liz Garbus. 

The study of the form and peculiarities of these genres, along with the textbook, Understanding Rhetoric, will help us develop both the vocabulary and the skills to understand and work on our own writing process. This process will be honed further through writing assignments in various genres—in-class freewrites, newspaper reports, crime blogs, reading responses, paper, portfolio reflection letter, and a multimodal project—and a sustained practice of the art of peer-reviewing and revision. 

In short, you will critically read, think, and write about women in true crime with the end goal of developing skills that will serve you well outside the limits of our theme.

Assessment will be based on writing assignments in various genres– in-class freewrites, newspaper reports, crime blogs, reading responses, paper, portfolio reflection letter, and a multimodal project–and a sustained practice of the art of peer-reviewing and revision. 

Level: Introductory. Prerequisites: None. Class limit: 12. Lab fee: None. Meets the following degree requirements: HS, W.",,W HS
HS2132,S27,"Tsygankova, Valeria",How Writing Works: Looking Under the Hood,I/M,"So much about writing can feel mystifying when you arrive at college and your writing universe suddenly expands. You might find that the writing “rules” you once learned don’t always apply. A writing strategy you once swore by might stop working. You’ve thought of yourself as a “good writer,” but now that you need to write unfamiliar genres (legal briefs, policy memos, business proposals…), you no longer feel confident. You might experience writer’s block. Picturing writers you admire, who seem to turn out great stories, podcasts, and research articles with ease, you might start to suspect that, after all, you’re a “bad writer.” But what actually happens when expert writers write? How do they become experts? How does anyone progress as a writer? It might feel like the answer to all of these questions is innate genius, or magic, but composition researchers, who study writing, find that development is actually a product of specific practices, dispositions, and acquired knowledge. Many of their findings are counterintuitive and surprising; in one study of undergraduate writers, for instance, those who felt less confident when asked to write in an unfamiliar genre were ultimately more effective than those who felt more confident. (So much for low confidence equating to bad writing). This writing course is an opportunity to get to know the research on writing development, to test out its findings, and to chip away at some disempowering beliefs about writing. Students will experiment with practices that experienced writers use to cope with the complexity and difficulty of writing; they’ll try out strategies that help people write new genres; they’ll get to know themselves better as writers by investigating what works for them and why. In addition to reading the research, students will carry out composition research of their own, adding to our existing body of knowledge and learning transferable research skills that they can draw on in other classes and contexts. Students will be evaluated on this final research project, a shorter metacognition assignment analyzing their own writing processes, and the completion of low-stakes reading and writing assignments that build up to each of these projects. This course welcomes students with no background in rhetoric and composition, as well as students looking to expand on prior knowledge, for instance those who have taken Methods of Tutoring Writing.

Level: Introductory./Intermediate Prerequisites: None.  Class limit: 12.  Lab fee: None.  Meets the following degree requirements: HS, W.",,W HS
HS2038,S27,"Turok, Katharine","Gender, Politics, and Nature in Folk/Fairy Tales of the World",I/M,"Why do fairy tales capture the attention of adults and children all over the world and endure in popular literary and cinematic forms?  What do they reveal to psychologists, biologists, historians, linguists, artists, anthropologists, and educators?  Do they politicize or de-politicize? socialize or subvert?  What is the postfeminist, postmodern response to the Brothers Grimm?  What do fairy tales convey about animal behavior, entomology, and cosmology?  How might the tales shape human limitations, moral values, and aspirations? This course will explore the storytelling and re-telling of literary, cultural, and scientific stories from a comparative perspective, imagining their interpretations and how they may be re-told with an eye toward new understandings of human interrelationships, of a given sociohistorical moment, the culture of COA, and the larger culture. Students will read folklore and fairy tales, view several films, and discuss essays by writers such as Cristina Bacchilega, Bruno Bettelheim, Ruth Bottigheimer, Michel Butor, Italo Calvino, Robert Darnton, Claude Lévi-Strauss, Maria Tatar, and Jack Zipes.  Contemporary works by writers, visual artists, and musicians inspired by traditional tales will also be explored. Writers may include Margaret Atwood, A.S. Byatt, Angela Carter, Robert Coover, Michael Cunningham, Neil Gaiman, Tanith Lee, Naguib Mahfouz, Haruki Murakami, Helen Oyeyemi, Ludmilla Petrushevskaya, Francine Prose, and Anne Sexton.  Reflections may center on recurrent motifs and patterns; and social, sexual, moral, scientific and political content, with emphasis on race, gender, and class structure.  Students will be evaluated on two short papers; one creative project that may be expressed in writing, visual art, music, or dance; and a final written assignment in any genre—poems, plays, fiction or nonfiction.

Level: Introductory/Intermediate. Prerequisites: None.. Class limit: 12.  Meets the following degree requirements: HS",,HS
HS-New,S27,"Van Vliet, Netta","Fallah-mankoub: Politics, Performance and Culture in Andalucía",,,,
HS5062,S27,"Little-Siebold, Todd",Corn and Coffee,A,"This course explores the rich history of capitalism through the lens of two of the most ubiquitous and valuable crops in the world: corn and coffee.  The crops provide insight into the global and local dimensions of both historical and contemporary reality in the countries where they are grown with a focus on Guatemala, Mexico, and the United States.  Corn and coffee provide a convenient vantage point from which to examine the social, economic, and cultural dynamics of community-based production of both crops on the one hand and their globally-connected production as commodities. The course moves from a broad macro perspective on each crop to an intensive exploration of how both are produced in Guatemala.  In this way, class participants will be able to look at how global historical trends in consumption have played themselves out in local communities.  The class will simultaneously be able to look at the processes at work in pueblos throughout Guatemala that root the corn economy into rich cultural and social dynamics that are at the core of communal life.  Using these two crops as a starting point, the class will allow students to develop a holistic and synthetic understanding of how global food systems land in places. The course emphasizes attention to the broad global dimensions of corn and coffee's production as well as the fine-grained study of Guatemala's socio-cultural life in historical and anthropological perspective. Through discussions of the books, this seminar-style course seeks to provide students with deep insights into the history of a specific place while maintaining a sense of the global and regional context.  Intensive readings will provide students with a snapshot of trends in both history and ethnography while broader synthetic analyses of both corn and coffee will embody more popular approaches to the topic.  Students will lead discussions of the readings, write short synthetic essays, and undertake a research project for the class. Evaluation will be based on short writing, course participation and the final project.

Level: Advanced. Prerequisites: None. Class Limit: 12. Lab fee: $50. Meets the following degree requirements: HS HY",,HS HY
ES2054,S27,"Slabach, Brittany","Curatorial Pratice: Study Skins
OR ES-New Curatorial Practice: Skeletons",I/M,"This course provides a deep dive into the practice and art of preparing museum study skins. Study skins are a traditional form of specimen preparation that preserves the skin and feathers of organisms for research purposes. Preparation techniques vary by taxon and research objective. In this course we will read about the history of study skins, how preparation techniques have evolved over time, and the role of study skins in our understanding of our natural world. A foundational component of the course is to learn how to prepare study skins. Therefore, we will establish a practice of preparing study skins weekly. Through this practice students will learn different techniques of preparation, as well as gain a strong foundation in anatomy related to different organisms and learn how to use appropriate anatomical language. The course meeting time is structured to support this weekly practice. While we will discuss preparation techniques for different taxons, iterative practice of techniques will depend on availability of organismal specimens and will be biased towards vertebrates, particularly mammals and aves. Assessments will include a reflection journal documenting each student’s preparatory journey; discussion and activity participation; and the completion of a series of study skins demonstrating improvement in technique over the course of the term. 
This course builds on concepts discussed in Collecting Nature, and other organismal courses. The course is particularly suitable for students who would like to pursue careers in organismal ecology, taxonomy, or museum studies, and would like study skin preparation to be a part of their skillset.  It would also serve students who are interested in gaining an in-depth knowledge of organismal anatomy, or those who are interested in different preparation techniques.

Level: Introductory/Intermediate. Prerequisites: ES1092: Collecting Nature: Exploration of Scientific Collection. Class limit: 8. Lab fee: $25. Meets the following degree requirements: ES.",,ES
MD1030,S27,"Graham, Carrie",Zoological Field Sketching,I,"The ability to make careful observations and record them through sketches is an invaluable tool for artists, scientists, and other curious and creative people. Maintaining a sketchbook can be both a professionally useful and personally rewarding practice. This multidisciplinary course will encourage students to develop a regular sketchbook practice using animals as the focus of study. It is intended for any student who wishes to improve their sketching and observational skills, gain an understanding of animal anatomy, and learn about local animal life. Students will draw from museum specimens, taxidermy mounts, and live animals using a variety of media and techniques suitable for field sketching. Class will take place in the Dorr Museum and at field sites within Acadia National Park and Hancock County.

This course will meet for two three hour sessions per week. The first session will include a lesson about a particular animal taxon, followed by sketching exercises using museum specimens and mounts as references. In the second session, students will draw from live animals in the field. Students will also spend approximately nine hours per week outside of class on additional field sketching assignments, readings, and research.

Evaluations will emphasize participation and student growth rather than artistic ability. Our focus will be on practice and learning to effectively record observations, not on creating polished illustrations. Prior experience with drawing is not required.

Level: Introductory. Prerequisites: None.  Class limit: 16.  Lab fee: $70. Meets the following degree requirements: None.",,
,S27,"Letcher, Susan",TBD,,,,
ES1054,S27,"Slabach, Brittany",Biology: Form and Function,I,"This is one half of a 20-week, two-term introductory course in biology, providing an overview of the discipline and prerequisite for many intermediate and advanced biology courses. The course will emphasize biological structures at the level of whole organisms and organs and their role in the survival and reproduction of individuals and the evolution of populations . We will explore principles of evolution, classification, anatomy and physiology, epidemiology, behavior, and basic ecology. The primary focus of the course is on vertebrate animals and vascular plants, but we will make forays into other phylogenetic lineages at intervals. Weekly field and laboratory studies introduce students to the local range of habitats and a broad array of protists, plants, and animals. Attendance at two lectures and one lab each week is required; course evaluation is based on class participation, exams, preparation of a lab/field notebook, and a presentation. It should be stressed that this course emphasizes the unity of the organism within its environment. Ideally students will subsequently enroll in Biology:Cells and Molecules in order to further their exploration of issues in a more reductionist form, but neither course is a pre-requisite for the other. 

Level: Introductory. Prerequisites: None. Binoculars and a good pair of walking boots strongly advised. Class Limit: 25. Lab Fee: $40. Meets the following degree requirements: ES.",,ES
HS1094,S27,"Rand, Kendra",Public Speaking Workshop,I,"Consider all the ways that public speaking could be a part of your academic and professional paths: presenting your research, sitting on a webinar panel, speaking up at ACM, advocating for an urgent cause or policy, preparing your senior project presentation, delivering a formal address at a special occasion, or even deciding to perform spoken word at an open-mic. This course will prepare you to thoughtfully analyze your audience, research and organize relevant information, and deliver the critically important, well-prepared presentation that you’re capable of.  Along the way we will be guided by, and critically analyze, three varied and sometimes contradictory premises: that it’s imperative to master the art of formal, standard presentation/speech delivery, that it’s equally important to respect and refine your own unique, authentic voice and speech communication style, and that important change happens when we both listen carefully and speak up loudly.  This class will be conducted as a workshop with an emphasis on students producing increasingly advanced speeches for public performance and/or consumption. Students will complete three graded, “formal” presentations  while also considering additional creative approaches and formats for  public communication.  Students will work with a variety of short texts and videos to generate new ideas and helpful public speaking habits.  The real benefits of this course come from the positive, supportive, environment in which students can practice new public speaking skills and learn from each other.  This class emphasizes a fun, dynamic, “hands-on” approach to constructing speeches.  Students who feel that they are less proficient in the area of public communication should not be worried that this would somehow disadvantage them in terms of their overall evaluation.  All students, regardless of their levels of comfort, experience, or and English-proficiency are encouraged to consider this course.  This workshop is designed to help you improve your public presentation skills regardless of whether you are a complete novice to public speaking, or already have many years of practice. Your final evaluation for the course will be based on your engagement with the process, not on some objective standard of who gave the best speeches. 

Level: Introductory.  Prerequisites: None.  Class limit: 14.  Lab fee: None. Meets the following degree requirements: HS.",,HS
AD6031,S27,"McLean, Adam",Musicianship,,"Ready to take an existing or budding musical practice to the next level? This course is for students interested in developing their skills as instrumentalists, vocalists, composers, songwriters, or beatmakers. Students will work independently (or in small groups) to create and implement a learning plan that reflects their specific musical goals. Students are welcome to sign up individually or in groups (e.g., a string quartet, a songwriting partnership, or a band would be welcome to sign up together).

Class topics will include practice strategies, repertoire selection, rehearsal techniques, performance skills, notating/communicating musical intentions, applications of theory, and interdisciplinary connections (i.e. dance and visual arts). Practice outside of class is expected and will be documented through a reflective practice log. A final project will be determined in consultation with the professor. At the term’s close, students will share a representation of their learning and complete a self-assessment reflecting on their progress.

Level: Variable, Introductory through Advanced. Prerequisites: None. Class limit: 12.  Lab Fee: $40. Meets the following degree requirements: ADS",,ADS
,S27,"Robbins, Dani",TBD,,,,
,S27,,TBD,,,,
AD4020,S27,"Baker, Jodi","Objects and Performance 
OR new course TBD",M/A,"Objects have long been significant elements in ritual, dance, theatre and performance art; they might be props, body extensions, idols and avatars. Taught in a workshop format, this course will explore a variety of techniques from traditional theatre arts, as well as sculptural ideas that can be integrated into performance. Goals will be to gain a deeper understanding of the power of objects in a performative context; to experiment with a variety of building techniques; to practice, create and refine personal and found objects as art; to explore an object's potential to spark narrative, illustrate relationship dynamics and fuel theatrical action. We'll also study the use of objects in connection with certain forms of performance training and creative collaboration strategies.  The course will provide an historic context of objects in performance and will utilize improvisational exercises, personal writing, movement and bodywork. Class topics may include: relationship, scale, sound, duration, repetition, archetype and viewer participation/performance. Evaluation will be based on attendance, participation in all group projects, in-class assignments and discussions, demonstrated understanding and mastery of basic skills through the creation of projects, timely completion of all assignments and readings and effective participation in class critiques. 

Level: Intermediate/Advanced.  Prerequisites: Movement Training (I or II) or 3D studio, and permission of either instructor.  Class limit: 12.  Lb fee: $50.  Meets the following degree requirements: ADS",,ADS
AD3020,S27,"Baker, Jodi",American Dreaming: Theatre and Activism in the U.S.,M,"Students read plays and study a variety of artists that have used theater as a viable force for change over the last century. Together we will explore the mechanics and dynamics of specific plays and performances as well as the social and political context in which they were conceived. We will investigate significant periods in U.S. history (twentieth century) including the New Deal, the House Un-American Activities Committee, the Civil Rights Movement, the emergence of the AIDS crisis, the rise of neoliberalism, 9/11 and beyond, exploring their impacts on this form. The study will include Josephine Baker, Hallie Flanagan and The Federal Theatre Project, Susan Glaspell, Clifford Odetts, Arthur Miller, Lorraine Hansberry, Lillian Hellman, The Open Theatre, Adrienne Kennedy, Anna Deavere-Smith, Tony Kushner, Young Jean Lee, Taylor Mac, Annie Baker, Jeremy O.Harris and others. Students are required to attend a weekly series of evening screenings/performances. There will be at least one field trip. Evaluation is based on full participation in class discussion, successful completion of all short projects and assignments, and a final project/paper.      

Level: Intermediate.  Pre-requisite: Successful completion of the writing requirement and at least one literature course.   Course limit: 11.  Lab fee: $50.  Meets the following degree requirements: AD HY",,AD HY
AD5032,S27,"Clinger, Catherine",Advanced Studio Printmaking,A,"This art studio course is a continuation of the introductory course Studio Printmaking. A print mirrors the surface of its matrix and presents a reflection of the physical and/or immaterial realms of objects and ideas. Representing concepts clearly in any medium requires an artist to engage in thoughtful collaboration with materials in order to realize the potential of form as a means of expression. This advanced studio course will explore ways to address this aesthetic challenge through printmaking by experimenting with conventional and non-traditional ways of creating a range of matrices. Students will acquire skills as printmakers with an emphasis on multiple-plate, collagraph, and other advanced techniques. Students will develop a deeper understanding of the history of prints; how they have functioned to communicate, document, and transmit information through images on paper – engaging with more complex discourses of representation. Students will be evaluated on their projects, participation in critiques, level of engagement with materials, ability to work in a collaborative studio, and final project. 

Level: Advanced.  Prerequisites: Studio Printmaking and at least one drawing class; permission of instructor.  Class limit: 5.  Lab fee: $200. Meets the following degree requirements: ADS",,ADS
AD2017,S27,"Clinger, Catherine",Drawing Mineral & Botanical Matter in the Forest of Maine,I/M,"Viewed as a regular practice, the descriptive power of drawing can intensify the experience of observational fieldwork, provide the draughtsperson with a richer understanding of the cycles within a landscape, and deepen our relationship with the natural world. The primary setting for this studio course is Mount Desert Island. The subject matter of our visual attention includes trees, rock features, and other indigenous plant life of the island. Students will learn a variety of drawing methods in order to document the natural history of a specific place. Coursework includes: maintaining a field sketchbook, graphically recording the development of a singular botanical life-form over the course of the term, and producing visual notations in the sketchbook during a bi-weekly slide lecture on the history of artistic representations of the natural world. Evaluation is based on class participation, evidence of completion of weekly assignments, and final project. 

Level: Introductory/Intermediate. Prerequisites: permission of instructor. Lab fee: $120. Class limit: 12. Meets the following degree requirements: ADS",,ADS
AD-New,S27,"Ferrari, Melissa",TBD Film Production Course,,,,
AD3079,S27,"Henderson, Jonathan",Jazz Manouche,M,"During the 1930s, the French-Romani guitarist Django Reinhardt launched a new musical style. Combining the traditional music of his Romani heritage with French bal-musettes and the Swing music storming Europe from the other side of the Atlantic, Reinhardt pioneered a sound that came to be known as “Gypsy Jazz,” “Jazz Manouche” or “Hot Club Jazz.” This class will focus on the rich musical repertoire flowing from this history as we work to practice, perform, and learn about its sounds and histories. A practice-based course organized around learning and performing the music, it will treat a series of compositions as entry points for lessons in jazz improvisation, understanding harmonic motion, chord voicing, and rhythmic awareness (swing, waltz, bossa, bolero, etc.). In addition to practice-based work, students will also learn about the histories of Romani (Sinti) migration across Europe and the genealogies of musicians as they relate to the development of Jazz Manouche. Students will read texts concerning Django Reinhardt and other key figures and will write a final paper that reflects research into the people, places, and sounds associated with this music. Assessment will be based on class participation, weekly practice logs, and the final paper/project. The course is designed for students with a working knowledge of an acoustic instrument (guitar, strings, bass, percussion, accordion, mandolin, woodwinds, brass, percussion, etc.). The class will be held largely outdoors, so we cannot accommodate piano or electric instruments. Permission of instructor is required to ensure a workable balance of instruments. 

Level: Intermediate. Prerequisites: Permission of instructor and working knowledge of an instrument.  Class limit: 12.  Lab fee: $35.  Meets the following degree requirements: ADS",,ADS
AD1084,S27,"Ialeggio, Anna",Wheel-thrown Pottery,I,"The potter’s wheel can be traced back to the ancient Sumerians, as early as 3,250 B.C.E. With that as our starting point, this introductory studio focuses on vessel-making techniques and traditions through intensive training on the wheel. It is designed for students to develop a unique spatial and material language in clay, grounded in the possibilities and limitations of radial symmetry. A series of technical assignments will build skill, prompt creative problem-solving, introduce basic physical and chemical ceramic processes, and explore form and function through various human ecological frameworks. As always, we make our own clay and keep the studio clean together.

Evaluation is based on participation in class activities (exercises, presentations, readings, discussions, occasional writing and/or drawing prompts), significant studio time outside of class, timely completion of all projects with corresponding group critique sessions, and consistent involvement with studio maintenance. A sketchbook is required.

Level: Introductory. Prerequisites: None. Class limit: 12. Lab fee: $120. Meets the following degree requirements: ADS.",,ADS
,S27,"Muller, Brook",TBD,,,,
,S27,"Muller, Brook",TBD,,,,
AD-New,S27,"Sebastian, Neeraj",Advanced Painting Studio,,,,
AD2046,S27,"Winter, Josh",The Contemporary Landscape in Photography,I/M,"This course examines the techniques and expressive possibilities of photographing “natural” landscapes, the built environment, and the intersection of the two subjects. Using historic makers for inspiration some slide lectures will be included, but each student will be expected to do some research on their own to find inspiration from other artists. Being inclusive of various aesthetics, we’ll explore differing expressions of beauty and students will be expected to engage ways of working outside their own comfort zone. Readings by Rebecca Solnit, Lucy Lippard, Frank Gohlke, Deborah Bright, Robert Adams, Richard Misrach, John Stilgoe, Bill McKibben, and Geoffrey Batchen, among others, will inform our discussions. Weekly shooting assignments, and readings will be expected prior to mid term. After mid term, you will work toward one final project that explores your own personal expressive choices based on your interests and affinities. These final projects will be displayed publicly, if possible, during week ten. Some prior experience with Adobe Lightroom Classic or Photoshop is highly recommended. Students will be evaluated on the completion of weekly and final projects, and participation in discussions and critiques; pass/fail grade encouraged.

Level: Introductory/Intermediate. Prerequisites: AD1026 Introduction to Photography. Class limit: 12.  Lab fee: $100.  Meets the following degree requirements: ADS",,ADS
ES3012,S27,"Feldman, David",Calculus II,M,"This course is the continuation of Calculus I.  It begins by considering further applications of the integral.  We then move to approximations and series; we conclude the course with a brief treatment of differential equations.  The mathematics learned are applied to topics from the physical, natural, and social sciences. There is a weekly lab/discussion section. Evaluations are based on homework, participation in class and lab, and tests.

Level: Intermediate.  Prerequisites: Calculus I or the equivalent.  Lab fee None. Meets the following degree requirements: QR, ES.",,ES QR
ES4066,S27,"Gadeken, Kara",Estuaries,M/A,"The simplest definition of an estuary is a place along a coast where freshwater and saltwater meet; however, estuaries are far from simple. They are complex systems driven by a fascinating network of interactions and feedbacks. This course offers a comprehensive exploration of estuaries as complex systems, integrating their physical, chemical, biological, and ecological processes. We will cover advanced topics such as estuarine hydrodynamics, sediment transport, productivity, ecosystem function, and biogeochemical cycling. Every estuary is different and throughout the course we will examine case studies of different estuaries, developing a global perspective on their variety. After building a foundation of knowledge on estuarine processes, we will explore how these systems respond to perturbation, how they exercise resilience, and how pivotal features of estuarine networks can be drastically altered by human activities. Estuaries are at the intersection of myriad anthropogenic influences and are critical environments supporting human survival, health and happiness. Together we will explore the various ways that humans interact with and affect these systems.

We meet twice a week for in-class work, and once every other week for an extended afternoon lab session when we go on field trips to explore local estuaries. The course also involves one required weekend field trip to a far off-site estuarine system. Assessment in the course will be based on case study problem sets, reading responses, and a term project.

This course is intended as an advanced offering for students interested in environmental research, management, and/or restoration. A solid background in marine biology, environmental science, or related disciplines is essential to succeed in the course. Experience and comfort with mathematics (particularly the basics of calculus) will also be very beneficial. If you are unsure of whether you have the math skill set for this course, I encourage you to reach out to me.

Level: Intermediate/Advanced. Prerequisites: Introduction to Oceanography and Marine Biology or Intertidal Ecology.  Class limit: 10. Lab fee: $150. Meets the following degree requirements: ES.",,ES
MD4014,S27,"Gibson, David",Building Science and Energy Auditing,M/A,"Buildings account for nearly 40% of global carbon emissions. Sixty percent of Maine homes are heated with heating oil, the highest percentage of any state, and Mainers spend more than a billion dollars on heating oil each year. Improving the efficiency of our homes and buildings is essential for transitioning away from fossil fuels and reducing carbon emissions.

In this course, students will learn how to safely transition buildings away from fossil fuels. This includes understanding the science of energy and moisture movement through a building, how to monitor carbon monoxide and other harmful combustion gases, and methods to reduce energy loss, while maintaining comfortable levels of humidity and fresh air. Students will gain proficiency measuring air leakage with a blower door, using an infrared camera to assess insulation levels, calculating heat loss, and identifying solutions and best practices to develop a plan of action for homeowners.

They will also learn about high efficiency mechanical systems like air source heat pumps, heat pump water heaters, and how to assess lighting and appliance electrical usage. Students will learn how to carry out cost calculations for energy savings and research and share information on rebates and incentives available for homeowners. This will be a very hands-on course, with weekly labs to teach energy auditing field skills. This course will include presentations from local energy contractors, and students will participate in energy audits of residential buildings on or off campus. Through these experiences, students will meet and interact with home performance businesses and non-profit organizations in the local community. As time and weather conditions permit, students will gain experience implementing efficiency solutions such as insulation and air sealing.

Students who successfully complete this course will be able to conduct energy audits for homes, identify cost-effective improvements, and prioritize energy improvements to maximize energy savings. This course will provide students with the tools and experience to reduce building energy use and greenhouse gas emissions in a holistic, whole-building approach.

Evaluation will be based on completion of assignments, participation in class discussions, and mastery of field skills.

Level: Intermediate/Advanced. Prerequisites: Physics and Mathematics of Sustainable Energy. Class Limit: 12. Lab fee: $50. Meets the following degree requirements: None.",,
ES3085,S27,"Hall, Sarah",Watersheds,M,"In this course students will learn the basic field and quantitative methods used to characterize watersheds. The course will focus mainly on watersheds of Mt Desert Island and some of the larger rivers in Maine and will build upon foundational concepts in Earth Science. The course will feature field, lab, and lecture components. Students will conduct geomorphic mapping (field and GIS), surveying, stream discharge measurements, pebble counts, and other common tools and methods to conduct a term-long field study of multiple island watersheds. Upon returning from the field, students will use their data to calculate flows and sediment loads associated with less frequent flood events. Large magnitude flow events tend to shape steam channels and have implications for human infrastructure and intertidal zone dynamics. Students will be evaluated based on weekly assignments, quizzes, presentations, and the term-long project. Students will work in teams to complete a basin-wide study of one of the island watersheds of interest to community partners for long-term monitoring. The field project will culminate in a written report and presentation. They will work on their project report throughout the term with opportunities for peer review and revision. It is strongly recommended that students have taken high school math courses (algebra and geometry), at least 1 introductory Earth Science course, and are comfortable using Excel.

Level: Intermediate.  Prerequisites: HS2020 Introductory GIS and an introductory geoscience course.  Class limit: 16.  Lab fee: $100.  Meets the following degree requirements: ES, QR.",,ES QR
AD3077,S27,"Henderson, Jonathan",Black Atlantic Music,M,"In Black Atlantic Music students will work to understand how histories of slavery, colonialism, diasporic imagination, and networks of cultural exchange form the basis for popular music in the African diaspora. Tracing musical and political histories through a series of case studies routed throughout the diaspora, this course aims to develop a theory of “the Black Atlantic” as a sonic geography. After establishing a foundation in the key historical forces leading to the creation of the African diaspora, students will explore case studies related to the development of local and transnational musical styles from salsa to hip-hop, funk, reggae and more. We will explore the intersecting work of artists (such as Janelle Monae, Angélique Kidjo, Fela Kuti, Lee “Scratch” Perry, and Bob Marley) and scholars (such as Paul Gilroy, Angela Davis, Amiri Baraka, and Michael Veal). Equal weight in the course will be given to reading, listening, and writing as valuable modes of interacting with music. Throughout the course of the term, students will learn to listen more closely to sound and to develop a critical capacity for relating these sounds to the political and social worlds from which they emerge. Turning our attention back and forth between the local and the transnational, Black Atlantic Music is a window into how music takes shape in the context of culture, politics, geography and history. Evaluations will be based on regular written responses, a final project, and participation in class discussions and activities. 

Level: Intermediate.  Prerequisites: None, but previous coursework in anthropology, literature, or history will be helpful.  Class limit: 12.  Lab fee: $35.  Meets the following degree requirements: AD",,AD
ES3044,S27,"Hall, Sarah","Climate and Weather 
OR New: Rocks, Minerals, and Soils",M,"This class will explore general weather and climate patterns on global, regional, and local scales.  We will discuss the major forcings driving global climate fluctuations - on both long (millions of years) and short (days) timescales, including natural and anthropogenic processes. We will also learn about basic meteorology and the processes producing some common spectacular optical weather phenomena (rainbows, coronas, cloud-types, etc). Students will complete a term project comprising a photo-documentary journal of the different weather phenomena they observe during the 10-week term. The field component of this course will be self-guided through the observation and documentation of weather phenomena.  Who should take this course: No prior geology/science experience is needed - but expect to do a bit of basic math in this course! The course level is intermediate because it will not cover foundational principles of geology (or other sciences) but instead the course will be integrative and require students to practice both their quantitative and qualitative skills. Take this course if you are passionate or curious about climate change, but do not know much about the science of climate and weather!
 
Level: Intermediate.  Prerequisites: none.  Class limit: 16.  Lab fee:  $10  Meets the following degree requirements: ES",,ES
HS4122,F27,"Little-Siebold, Todd",The Human Ecology of Apples,M/A,"This course will create the opportunity for students to do project-based learning on pomology, preservation of and research about historic apple varieties and a wide range of other apple-flavored projects.  It will involve fieldtrips, roaming around looking at apples and visiting orchards all with the intention of deepening students’ knowledge base and feeding their curiosity.  One key element of the course is to provide the opportunity for students to conceptualize, plan and carry out their own research or creative projects. Students will be evaluated on their project work, engagement with course materials, and their progress deepening their knowledge. 

Level: Intermediate/Advanced. Prerequisites: History of Agriculture: Apples or equivalent academic background.  If interested, students should reach out to the instructor to discuss their experience and background. Class limit: 5. Lab fee: $100. Meets the following degree requirements: HS, HY.",,HS HY
,F27,"Lakey, Heather",SABBATICAL,,,,
,F27,"Khor, Su Yin","OR The Craft, Theory, and Practice of Interviewing",,,,
HS2135,F27,"Khor, Su Yin",Unraveling Writing Myths: Genre Explorations Across Contexts,I/M,"Is it true that you can’t use “I” in scientific research papers? Is it accurate that you can’t start a sentence with and, or, but? And is there really only one correct way of writing? Definitions of “correct” and “good writing” have been informed by pervasive writing myths	, which have been passed down for generations. These myths are widely accepted as universal truths and have been maintained through gatekeeping practices in professional, educational, and everyday contexts. However, language researchers would argue that correctness depends on the genre and rhetorical situation as writing and language are not static. They are dynamic and evolve over time. Indeed, new lexical items are continuously formed and grammatical functions change. Language myths begin to unravel if we examine what people actually do with language and writing across contexts. 
 
In this course, we will explore a range of genres in academic, professional, and everyday contexts to understand how writing and language work. Readings from applied linguistics, linguistic anthropology, and composition will provide historical insights into how writing myths evolved over time and current understandings of writing, language, and literacy. The readings will also provide a sociocultural understanding of language and how it works. We will investigate various everyday genres (such as recipes, blogs, and social media), academic genres (such as proposals and research papers), and professional genres (such as covers letters and resumes) to facilitate metacognitive and metalinguistic development and overall academic literacy development. Genre and rhetorical analysis activities of high-stakes and low-stakes genres will develop your understanding of how genres function in different discourse communities. 
 
You will complete inquiry-based projects to examine different genres and reflect on your evolving understanding of writing. Your learning will be evaluated based on course assignments and in-class activities, specifically contributions to class discussion, engagement with course material, written projects, and peer-review workshops. Activities will facilitate the development of transferable writing skills to other courses, genres, and contexts. Overall, the course serves to facilitate academic and professional discourse and literacies to support the transition to college. Note that this course is not a literature or creative writing course. 

Level: Introductory/Intermediate. Prerequisites: None. Class Limit: 12. Lab Fee: None. Meets the following degree requirements: W, HS.",,W HS
HS-New,F27,"Friedlander, Jay",Sustainable Business Seminar,,,,
HS5020,F27,"Cline, Ken",International Environmental Law,A,"This course is designed to provide an overview of the use of international law in solving transnational environmental problems and shaping international behavior.  We examine, as background, the nature and limitations of international law as a force for change. The course will then explore customary law, the relationship between soft and hard law, enforcement of international law, implementation mechanisms, and the effectiveness of multilateral environmental agreements. Special attention is given to existing international environmental law frameworks addressing climate change, Arctic and Antarctic development, ozone depletion, biological diversity, forest loss, export of toxic chemicals, and the host of issues raised by the 1992 United Nations Conference on the Environment and Development and subsequent environmental fora.  Students will also consider the interface between international environmental law and other important international forces such as the Bretton Woods institutions, human rights frameworks, and international development entities.  Students will be evaluated on the quality of their classroom comments and several analytical problem sets given during the term.  Students will also be asked to complete a major research project examining the effectiveness of a treaty or a proposed international environmental legal arrangement.  

Level:  Advanced.  Prerequisites:  Environmental Law and Policy or Global Environmental Politics, and Signature of Instructor; Sophomore or higher college level.   Class limit: 10.  Lab fee: $10.  Meets the following degree requirements: HS",,HS
HS2121,F27,"Donovan, Martha","Writing as Art, Craft, and Social Change",I/M,"We write to discover what awes us, what questions we most need to ask, what conversations we hope to join, what causes we are drawn to support, what convictions we want to voice, and what ways we can write the world anew. Writing is both an art and a social action that can change us and our audiences. That is the province of this course.

We will read and analyze various forms of writing (genres) on a broad range of social and policy issues, such as the value of wonder, the importance of antiracist work, the need for accessibility policies on college campuses, and other issues. We will consider the craft, context, audience, purpose, and possibilities of these texts as guides for our own writing. We will focus on the possibilities of the written and spoken word; the power of our distinct and unique voices; the importance of taking risks in our thinking and writing; the messiness, urgency, and necessity of the writing process; and the value of intellectual inquiry and the seamless integration and documentation of researched material. 

Students will address current issues of pressing concern and personal relevance in their own writing in three different selected genres (e.g., reflective essay, commentary, letter to editor, Commencement speech, testimony, proposal, open letter, personal statement, etc.). Students will examine and develop strategies for writing with curiosity, clarity, complexity, creativity, courage, and compassion as they invite their audience to consider their ideas and invitations/calls to action. Students will write about issues that matter to them, ones of interest to a local (Mount Desert Island or home town), state (Maine or home state), and/or national audience.

Classwork will include various analytical, generative, and collaborative exercises designed to help with matters of language, craft, technique, and rhetorical awareness. Students will write for a public audience and participate in active engagement with each other’s work.

Authors (representing a range of genres and topics) will likely include Annie Dillard, Rachel Carson, Barry Lopez, David Whyte, Margaret Renkl, Toni Morrison, Martin Luther King Jr., Terry Tempest Williams, and others. Students will also select a longer text to read from a list of authors that may include Jonathan Safran Foer, Susan Cain, Felicia Rose Chavez, Claudia Rankine, and others.

Students will be evaluated on class participation, written assignments, writing process, and presentations. 

Level: Introductory/Intermediate. Prerequisites: None.  Class limit: 12.  Lab fee: None.  Meets the following degree requirements: W, HS.",,W HS
HS3099,F27,"Cox, Gray","A History of God: Mysticism, Metaphysics, Politics and Nature",M,"Religious experiences and concepts have been central in history. They have informed ideas of self, community and nature as well as practices of science, technology and politics. This course provides an intellectual history of the concepts of god or gods and related notions and practices. It will focus on them as they have developed in the West but will also look, briefly, for comparative purposes at India and China. It will use secondary materials like Karen Armstrong’s A History of God and Peter Adamson’s A History of Philosophy Without Any Gaps to follow threads of the story from early polytheism up through the present day. It will also focus on a series of short selected primary sources including sacred texts as well as writings by philosophers, theologians, political thinkers and mystics. Class format will be a mixture of lecture and discussion. Students will be evaluated on their participation in discussions and their ability to convey their understanding of material in short homework assignments, two problem sets and two papers analyzing the historical connections between one or more texts and their contexts.
 
Level: Intermediate. Pre-requisites: None. Class limit: 16. Lab fee: none.  Meets the following degree requirements: HS, HY",,HS HY
HS2087,F27,"Collum, Kourtney",Transforming Food Systems,I/M,"This course explores possibilities for transformative change across local and global food systems.  The course centers on the questions: What would it take to ensure access to healthy, safe, affordable, culturally appropriate foods for all people? The first part of the course critically examines capitalist food systems with particular attention to the ways culture, politics, and economics shape our interactions with food. Through readings and exercises, we explore issues such as nutrition, worker safety, contested agricultural and land use policies, hunger, and environmental and community health. The second part of the course examines case studies of transformative food movements around the world, from the Zero Hunger programs in Belo Horizonte, Brazil, to La Via Campesina global campaign for agrarian reform. We focus particularly on food sovereignty and agroecology movements. The final third of the course focuses on transformative work in Maine and at COA. Students take multiple field trips to participate in local movements and to learn about their philosophies, objectives, and activities. By the end of the course, students will be able to analyze how power shapes food systems and articulate a theory of change for addressing a food systems problem of their choice. Students are evaluated based on participation in class discussions and field trips, a series of reflection papers, and a final project including a paper and an audio-visual presentation.

Level: Introductory/Intermediate.  Prerequisites: None.  Class limit: 20.  Lab fee: none.  Meets the following degree requirements:  HS",,HS
HS1032,F27,"Cline, Ken",Acadia: Exploring the National Park Idea,I,"Using Acadia National Park as a case study, this course will explore the various facets of ""the national park idea"" and what it means for Americans in terms of history and identity.  Through direct experiences in one of the ""crown jewels"" of the park system, the class will examine the historical, ecological, cultural, social, legal, economic, and spiritual context in which national parks are formed and continue to exist in the 21st century.   We will work with National Park Service professionals to look at various aspects of park management and day-to-day challenges of implementing the ""national park idea."" Through weekly field trips, journaling, service learning opportunities, and projects, we will be immersed in the management and experience of Acadia.  We will explore, through reading and writing, the broader themes of wilderness preservation, attitudes toward nature, the history of conservation, and the commodification of nature.  This experiential class is specifically geared toward first-year students and they will be given preference for enrollment. Assignments will include journal writing, short exercises, a group project/service learning opportunity, short presentations, and papers. 
 
Level: Introductory. Prerequisites: none. Class limit: 20. Lab fee: $50. Meets the following degree requirements: HS",,HS
HS3122,F27,"Little-Siebold, Todd",Navigating Change OR Maritime Monster,M,"This three-credit interdisciplinary course will explore how coastal communities, especially around Frenchman Bay, have navigated and are navigating major changes in their communities, the Bay, and the ecology around them.  This place-based course will use the Bay and surrounding towns to explore how history, geography, audio storytelling, and data science can illuminate, document and nurture community perspectives on their past, present and future. Students will undertake research projects focused on communities and their stories of  adaptation and community members’ reflections on the dramatic changes they have witnessed in the last decades both onshore and at sea.  The class will provide opportunities to learn about and use skills from data analysis and visualization, oral history and audio story-telling as well as community-based research rooted in both history and geography.  This interdisciplinary approach will allow the class to grapple with how projects can be used to help facilitate community conversations about how their inhabitants have used different strategies to adapt in the past and present in ways that could inform their future.  The course will involve field trips, overnight stays, and community work throughout the region, and the monster course format provides extended periods of time on the projects they undertake.  The course will include time on the water and in communities, and students should expect to spend substantial time on and off campus for the class.  Students will be evaluated on short assignments, team projects, and overall level of effort on coursework.  This course is appropriate for students from a wide range of backgrounds and both academic and personal experiences, and there are no prerequisites.  Given the immersive approach of the class the instructors would encourage students to reach out to the instructors prior to the class.

Level: Intermediate.  Prerequisite: None. Class limit: 10. Lab fee: None.  Meets the following degree requirements: HS, HY, QR.",,"HS, HY, QR"
HS1025,F27,"Friedlander, Jay",Business & Nonprofit Bascis,I,"Anyone who is involved with for profit or non-profit enterprises needs to understand a wide variety of interdisciplinary skills. This introductory course will introduce students to marketing, finance, leadership, strategy and other essential areas of knowledge needed to run or participate in any venture. This course is meant to build basic skills and expose students to a variety of business disciplines.

Level:  Introductory.  Class limit: 18.  Meets the following degree requirements: HS",,HS
HS2020,F27,"Longsworth, Gordon",GIS I: Foundations and Applications,I/M,"Ever-rising numbers of people and their impact on the Earth's finite resources could lead to disaster, not only for wildlife and ecosystems but also for human populations. As researchers gather and publish more data, GIS becomes vital to graphically revealing the inter-relationships between human actions and environmental degradation. Much of what threatens the earth and its inhabitants is placed-based. Solutions require tools to help visualize these places and prescribe solutions.  This is what GIS is about. Built on digital mapping, geography, databases, spatial analysis, and cartography, GIS works as a system to enable people to better work together using the best information possible. For these reasons, some level of competency is often expected for entry into many graduate programs and jobs, particularly in natural resources, planning and policy, and human studies. The flow of this course has two tracts, technical and applied. The course begins with training in the basics of the technology. Then, skills are applied to projects that address real-world issues. Project work composes the majority of course work and each student has the opportunity to develop their own project. Because GIS provides tools to help address many kinds of issues, GIS lends itself well to the theory of thinking globally and acting locally. Projects often utilize the extensive data library for the Acadia region developed by students since the lab was founded in 1988. The GIS Lab acts as a service provider to outside organizations and students can tap into the resources of a broad network of groups and individuals working towards a more sustainable future. Course evaluations are partially based on the on-time completion of exercises and problem sets. Most of the evaluation is based on critique of student independent final project work and related documentation.

Level: Introductory/Intermediate. Pre-requisites: Basic computer literacy. Class Limit: 10. Lab Fee: $75. Meets the following degree requirements: HS.",,HS
HS1120,F27,"Van Vliet, Netta",Introduction to Cultural Anthropology,I,"This course is an introduction to some of the central questions, arguments, and concepts of Cultural Anthropology. Broadly defined, “cultural anthropology” is the study of human cultures. Historically, such study has focused on explorations of difference through conducting fieldwork over an extended period of time in a specific community. Understandings of the discipline have changed over time, from definitions of it as an objective social science in the late 19th and early 20th centuries, when anthropology was dominated by European and U.S. anthropologists conducting fieldwork in places in Africa, Latin America and Asia, to definitions of it as a subjective interpretative social science that has been transformed and critiqued by anthropologists across the globe studying a wide range of human cultures and institutions, including their own societies. In the 1970s and 1980s, anthropologists began to “study up” through focusing on cultures of entities such as the World Bank, corporations, the military, scientists and investment bankers. Today, almost anything can be a focus for anthropological study.

In this class we will address questions and arguments about structure, difference, power, colonialism, politics, representation and responsibility, both in terms of cultural anthropology’s own formation as a colonial discipline, and in terms of the tools for critical thinking that have emerged out of anthropological work. What kinds of social organization and economic systems tie people together? What produces conflict? What is the significance of myths, rituals and symbols? How are social systems reproduced over time? How do they change? What is the significance of relations of identification and interaction between individuals and group categories? What are the political implications of how the human is defined? As we learn about how different thinkers have engaged these questions, we will also critically examine the concepts that inform them, including ideas of agency, responsibility, representation and action. Texts will likely include work by Ruth Benedict, Lee D. Baker, Franz Boas, Jacques Derrida, Emile Durkheim, Michel Foucault, Sigmund Freud, Clifford Geertz, Zora Neale Hurston, Alfred Kroeber, Claude Levi-Strauss, Karl Marx, Sidney Mintz, Rosalind Morris, Anand Pandian, Gayle Rubin, Marshall Sahlins, Edward Said, Marilyn Strathern, Deborah Thomas, Michel-Rolph Trouillot, Victor Turner, and Eric Wolf. Course work will include engaging with ethnographic writing and ethnographic research methods, as well as with transdisciplinary encounters with anthropology, including work in literature, philosophy, feminist and postcolonial theory. Students will be evaluated on individual and small group ethnographic research and writing assignments, class participation, and weekly reading responses.

Level: Introductory. Prerequisites: None. Class limit: 15. Lab fee: None. Meets the following degree requirements: HS.",,HS
HS-New,F27,"McKown, Jamie",Democracy,,,,
HS1102,F27,"McKown, Jamie","Equal Rights, Equal Voices: Articulating Suffrage",I,"This seminar will provide an in-depth exploration of public speech texts by a wide array of 19th century woman suffrage activists in the United States. This includes works by those individuals most often associated with the first wave of the movement including: Susan B. Anthony, Elizabeth Cady Stanton, Sojourner Truth, Frances Ellen Watkins Harper, Ernestine Rose, Anna Dickinson, Lucretia Mott,  Victoria Woodhull, as well as other activists who are generally less well known today. While this is a course rooted in the history of what we might consider early American feminism, it should come as no surprise that, along the way, we will confront issues that continue to have salience today.  Many of the topics surrounding gender, sex, identity, equality, empowerment, and political allyship that these activists wrestled with are still just as relevant for us to consider in our contemporary context.  This is especially true when it comes to the topic of race and the intersectional nature of the discourse around gender equality, both then and now. We will spend time examining how the idea of race was rhetorically constituted, in both exclusionary and inclusionary ways, within these texts.  We will also look specifically at the works of early Black feminists in the United States, and the myriad of ways they  navigated the challenges of the moment, especially as they confronted a deeply embedded legacy of white supremacy within the early woman suffrage movement.   Rather than rely primarily on secondary historical accounts, there will be a heavy emphasis on the close reading of primary source materials, mostly speeches, as we encounter these speakers “in their own words.” In addition, students will also take part in “hands on” recovery projects designed to locate, transcribe, document, and make broadly accessible works  from the period that have been previously undocumented or left unaccounted for. In doing so, students will learn basic techniques for exploring and making effective use of various types of digitized historical collections that have emerged in recent years. Class sessions will be organized as a discussed based seminar.  Assignments will emphasize critical, reflective, and analytical writing. Evaluation will be based on participation in class discussion, short written response papers, two longer form take-home essays, individual presentations, and a final “recovery” project. Students interested in topics related to gender, politics, historical research, and activism are especially encouraged to enroll. This is an introductory class and open to all students regardless of whether they have a previous background in feminism, social theory, US history, or politics.

Level: Introductory.  Prerequisites: none.  Class limit: 12.  Lab fee: none.  Meets the following degree requirements: HS, HY",,HS HY
HS1119,F27,"Nguyen, Hien",Introduction to Microeconomics,I,"Economics has a popular reputation as a field of study centered around making money and getting rich. However, for most of its history, economics has been about understanding and changing the way the world works. How do we get our dinner every night? What does it take to transform coffee beans harvested in plantations in Costa Rica to the morning cup of Starbucks across their 38,000 global locations? Why do some individuals amass unfathomable personal wealth while others face daily struggle for material survival? These questions are what economists primarily study. Whether seemingly straightforward or seemingly unfathomable, at their core these issues are about the process of social provisioning. It can be further broken down into the following questions: (i) As a society, how do we determine what to produce and how much? (ii) As a society, how do we distribute what we produce? And (iii) Who benefits from and who are harmed by our production, distribution and consumption? In this course, we will examine these questions from the perspective of individuals and firms, and we will consider the ways an individual’s preference and decisions are shaped by social institutions and how they, in turn, affect other beings, both human and non-human. You will be introduced to topics such as: individual’s decision making under constraints, social coordination dilemmas, firm’s wage-setting and labor discipline, supply-demand and price setting, market’s successes and failures, and the limits of economic growth. This course aims to increase your ability to use abstract, quantitative models to approach complex, real-world problems such as worsening economic inequalities and global climate change. Upon completion of this course, you will have developed practices of thinking critically and politically about public policies and debates. You will also expand your capacity for numerical literacy and quantitative skills such as drawing valid conclusions based on data and communicating your reasoning and results effectively and clearly. The course is especially valuable for students with interests in civic engagement, social justices, political transformation, and sustainable development. Knowledge in calculus, statistics, and linear algebra is not necessary, and familiarity with elementary algebra will be helpful but not required. Students’ learning will be assessed through problem sets and (take-home) exams.

Level: Introductory. Prerequisites: Knowledge in calculus, statistics, and linear algebra is not necessary, and familiarity with elementary algebra will be helpful but not required. Class limit: 20.  Lab fee: None.  Meets the following degree requirements: HS, QR.",,HS QR
HS1125,F27,"Nguyen, Hien",The Price of Knowledge: Economics of Education,I,"Why should we study the economics of education? One answer is the significant amount of money that individuals and society spend on education across all levels. In 2024, the United States alone spent nearly $1.5 trillion, or about 5.5% of GDP, on education. Likewise, governments throughout the world devoted considerable resources on the financing and operation of schools. These investments in education are motivated by the belief that the strength of the economy depends on the knowledge and skills of the workers. But does higher education expenditure cause better learning outcomes? Does better test score cause higher economic growth? How do policymakers design education policies that produce skills valued by society and rewarded in the labor market? How do the organization of schooling and incentive structure affect students, teachers, parents, and learning outcomes?
We will engage these questions both substantively and as a way to learn about how quantitative methods - e.g., cost-benefit analysis, and causal inference - are used to design, debate, and evaluate public policies. As such, this class is valuable for (i) students who are interested in education policy debates, (ii) who want to learn about the increasingly dominant role of causal inference models in public policy design, or (iii) who want to acquire quantitative reasoning skills through an applied, policy-oriented approach.
Topics may include return to schooling, education production function and inputs, financing of local K-12 schools, teacher labor market, incentive and students’ performance, and peer effect and learning environment effect. Throughout the course, you will have ample opportunities to develop quantitative reasoning skills, including causal analysis, natural experiment, and randomized control trials. Some knowledge of introductory microeconomics is beneficial but not required. Students will be evaluated through leading group discussion of assigned reading materials and developing a summative research proposal on a relevant topic.

Level: Introductory. Prerequisites: None. Class limit: 12.  Lab fee: None.  Meets the following degree requirements: HS, QR.",,HS QR
,F27,"Stabinsky, Doreen",SABBATICAL,,,,
HS4111,F27,"Taneja, Palak",Epic Heroines: Feminist Retellings of  Mythologies,M/A,"This course will explore heroines from two Hindu epics, Mahabharata and Ramayana, alongside the Greek mythological figures Ariadne, Medusa, Circe, and Galatea. Both sets of heroines have generated deeply rooted cultural archetypes. Central to the upbringing of more than half of the Indian population through comic books, TV shows, movies, and the like, the Hindu epics have set the standard for what an ideal Hindu woman should be, bolstering the patriarchal system in the name of religion and culture. Much like Helen of Troy, “the face that launched a thousand ships” in Greek mythology, some of these women have been the cause of wars of “epic proportions.” Others have become infamous archetypes for women’s witchiness and trouble-making, especially in Greek epics Western authors have retold. Myths of their beauty or its opposite have long been part of these narratives, but do we hear them speak? What do we know about the power they yield? Epics and mythologies have been unable to provide us with concrete answers.

Therefore, we will turn to female authors like Chitra Banerjee Divakaruni, Kavita Kané, Volga, and Vaishnavi Patel for the Hindu epics and Madeline Miller, Jennifer Saint, and Rosie Hewlett for the Greek tales. These authors have created spaces where women’s voices can be heard and analyzed, where archetypal and epic types can be studied as multifaceted humans. We’ll not only read their novels closely but also supplement their work with feminist theory and short videos. Eventually, we’ll trace how these epics stay relevant with regard to the construction of gender and sexuality in the modern Indian and Western world.

Students will be evaluated based on class participation, an oral presentation, response posts, final paper, and a multimodal project. This class will be good for students who are interested in reading feminist literature and theory and understanding the enduring power of epics and myths as well as the contemporary feminist purpose in giving their heroines voice. Reading the Indian epics alongside the Greek tales will provide an opportunity for ample comparison of patriarchal systems and how they developed in representative cultures from the East and West.

Level: Intermediate/Advanced. Prerequisites: None.  Class limit: 15.  Lab fee: None.  Meets the following degree requirements: HS.",,HS
HS????,F27,"Taneja, Palak","College Seminar: Barbed Wires, Drawn Lines",,,,
HS1131,F27,"Tsygankova, Valeria",Animals and Arguments,I,"In 1903, American naturalist John Burroughs triggered a fierce public debate when he accused some of his peers of writing “sham natural history.” These other naturalists, Burroughs claimed, had given in to the major temptation lying in wait for all nature writers: “the danger of making too much of what we see and describe—of putting in too much sentiment, too much literature—in short, of valuing these things more for the literary effects we can get out of them than for themselves.” The ensuing debate over the responsible depiction of nonhuman nature went on for five years in the pages of popular magazines, drawing in dozens of writers and one U.S. president. More than a century later, we remember it as the “nature faker” controversy. But though this episode has taken its place in the history books, its unresolved tensions and questions live on, occupying nature writers and filmmakers to this day: How can writers tell stories that spark human interest in the natural world while doing justice to that world’s alterity? What does it mean to value nonhuman animals “for themselves” and not for the reasons we might project onto them? Are emotion and imagination incompatible with good nature writing? 

In this writing class, students will not only get to know this longstanding conversation; they will also be asked to weigh in. Students will study the strategies that help experienced writers make their own marks on existing debates: strategies for posing rich problems, analyzing texts, representing and responding to other voices, giving and using feedback, and otherwise developing a sustainable writing practice. Students will become better navigators of writing for various contexts and audiences by studying and practicing the ways in which public and scholarly writers convey their ideas to readers. Students will be evaluated on a rhetorical analysis of a single text; an analytical essay that incorporates multiple sources and makes an original argument; a reflection that analyzes their own approach to writing; participation in in-class work; and the completion of short, low-stakes assignments preparing them for class. This course will be helpful for new college students looking to establish a base of knowledge about analytical writing, as well as for students at any point in their college careers who want to dedicate some time to working on their writing.

Level: Introductory. Prerequisites: None. Class limit: 12. Lab fee: None. Meets the following degree requirements: W, HS.",,W HS
HS2125,F27,"Turok, Katharine","Journeys: Writing for Voyagers, Trekkers, Wanderers",I/M,"How can witnessing and reporting other worlds—whether a country, a village, a river, a mountain, or a back alley--make us more sensitive travelers, sharpen awareness of cultural biases, and empower place-based writing? This course highlights the allure, the dangers, uncertainties, risks, and joys of travel expressed in student writing. What words, images, foods, music, rituals, or other sources of inspiration spark curiosity and passions that make us want to go places?

Genre analysis, writing, and transdisciplinary research projects will deepen a sense of place as the course explores the rhetoric of travel and its transformative impacts.  Students will experiment with, for instance, flash-essays, chronicles, interviews, journals, and field notes. Research projects will spotlight judicious selection of relevant sources, integration of data, and inclusion of multimodal elements. We will consider, too, the relation between travel writing and ethnography, between travel and gender, racial, religious, and ethnic components. Conveying impressions after short or extended excursions, students will recognize and develop which rhetorical strategies are appropriate for particular purposes, situations, audiences, discourse communities, and genres. Maps, films, infographics, letters, newspaper articles, guidebooks, blogs, Instagram posts, diaries, and logs constitute genres that may be examined and created. Students will further hone their craft in writing workshops, conversations, conferences, and presentations.  

Short excerpts that reflect the intimate connection between travel and writing will be discussed, and the various rhetorical strategies employed by writers such as Matsuo Basho, Tu Fu, Álvar Núñez Cabeza de Vaca, Olaudah Equiano, Mary Kingsley, James Baldwin, Maxine Hong Kingston, Taras Grescoe, Bill Bryson, Annie Dillard, William Least Heat-Moon, Anthony Bourdain, Eileen Myles, Binyavanga Wainaina, and Hans M. Carlson. Whether an Inuit film for global audiences, or the map of a route across the North American continent by water, or notes in a diary from the Hindu Kush, for example, the course materials do more than simply record or narrate experiences and territories: they also report and shape the world and what it means to us. 
Evaluations will be based on class discussions, writing projects, and presentations.

Level: Introductory/Intermediate. Prerequisites: None. Class limit: 12. Lab fee: None. Meets the following degree requirements: W, HS.",,W HS
HS1014,F27,"Van Vliet, Netta",Feminist Theory in a Transnational Frame I,I,"This course introduces students to some of the central texts and genealogies of feminist thought, with a focus on transnational feminist theory. We will address periods of feminist thought that have been significant in shaping the concerns of transnational feminisms, including 1970s U.S. feminism, French feminism, postcolonial theory, and Marxist thought.  Over the course of the term, we will consider how differences across national borders have informed discussions about transnational feminist solidarity. We will examine how feminist theory can help us think about the following: kinship; reproduction; the law and justice; human rights discourse, political economy, racialized and other forms of difference; existence and the subject; the relation between individual and group; the relation between terms such as ""gender"" and ""sex;"" and the varied currencies the terms ""queer"" and ""feminist"" have carried in different national and transnational contexts. 

The course will explicitly address debates in feminist theory about the following topics: the ""sex/gender distinction;"" histories and politics of the term ""rape;"" political representation, the juridical and the nation-state in the contexts of religious and cultural differences around practices such as veiling, circumcision/genital mutilation; and questions of labor, prostitution and sex work. The course draws on work in French Feminist Theory, Queer Theory, Postcolonial Studies, Psychoanalysis, Continental Philosophy, Cultural Anthropology, and Diaspora Studies. Readings will include texts by Gayle Rubin, Luce Irigaray, Elizabeth Grosz, Simone de Beauvoir, Ranjana Khanna, Monique Wittig, Judith Butler, Gayatri Spivak, Sigmund Freud, Friedreich Engels, Shulamith Firestone, Alexandra Kollontai, Emma Goldman, bell hooks, Karen Engle, Catherine McKinnon, Drucilla Cornell, Ratna Kapur, Sarah Franklin, Daniel Boyarin, Henry Louis Gates, Anne Fausto-Sterling, Shoshana Felman, Saba Mahmood, Diana Fuss, and Chandra Mohanty.

Level: Introductory.  Prerequisites: None.  Class limit: 15.  Lab fee: $15.  Meets the following degree requirements: HS",,HS
HS4111,F27,"Waldron, Karen",Epic Heroines: Feminist Retellings of  Mythologies,M/A,"This course will explore heroines from two Hindu epics, Mahabharata and Ramayana, alongside the Greek mythological figures Ariadne, Medusa, Circe, and Galatea. Both sets of heroines have generated deeply rooted cultural archetypes. Central to the upbringing of more than half of the Indian population through comic books, TV shows, movies, and the like, the Hindu epics have set the standard for what an ideal Hindu woman should be, bolstering the patriarchal system in the name of religion and culture. Much like Helen of Troy, “the face that launched a thousand ships” in Greek mythology, some of these women have been the cause of wars of “epic proportions.” Others have become infamous archetypes for women’s witchiness and trouble-making, especially in Greek epics Western authors have retold. Myths of their beauty or its opposite have long been part of these narratives, but do we hear them speak? What do we know about the power they yield? Epics and mythologies have been unable to provide us with concrete answers.

Therefore, we will turn to female authors like Chitra Banerjee Divakaruni, Kavita Kané, Volga, and Vaishnavi Patel for the Hindu epics and Madeline Miller, Jennifer Saint, and Rosie Hewlett for the Greek tales. These authors have created spaces where women’s voices can be heard and analyzed, where archetypal and epic types can be studied as multifaceted humans. We’ll not only read their novels closely but also supplement their work with feminist theory and short videos. Eventually, we’ll trace how these epics stay relevant with regard to the construction of gender and sexuality in the modern Indian and Western world.

Students will be evaluated based on class participation, an oral presentation, response posts, final paper, and a multimodal project. This class will be good for students who are interested in reading feminist literature and theory and understanding the enduring power of epics and myths as well as the contemporary feminist purpose in giving their heroines voice. Reading the Indian epics alongside the Greek tales will provide an opportunity for ample comparison of patriarchal systems and how they developed in representative cultures from the East and West.

Level: Intermediate/Advanced. Prerequisites: None.  Class limit: 15.  Lab fee: None.  Meets the following degree requirements: HS.",,HS
HS4108,F27,"Hill, Ken",Camino,M/A,"The Camino monster course travels the roughly 500-mile pilgrimage route of the Camino Frances. Students will walk the path from St. Jean Pied-du-Port to Santiago de Compostela that millions have traveled since the end of the 9th century. Designated as the first Cultural Route of the Council of Europe and a UNESCO World Heritage Site, the route starts in France, crossing the Pyrenees and traveling through the vineyards, plains of wheat and sunflower, verdant hills, medieval villages, and storied cities of northern Spain. While founded as a Catholic pilgrimage, people walking the route today may be embarking on a personal challenge, wrestling with existential questions and life transitions, searching for an intentional community with more caring societal norms or journeying for a myriad of other reasons. Intertwined with the Camino’s religious, cultural, and personal significance is its role as an economic engine across the millennia. The Roman roads and forts are testament to its long standing economic significance. From the age of the Knights Templar through today, the Camino continues to be the economic lifeblood of the region and the small businesses, inns and villages along the route. The course has three primary components. First, students will investigate the human ecology of the Camino through modern and ancient readings, film screenings, visits to sites of historical and cultural significance, and interactions with pilgrims. These materials and interactions will inform group discussions, as well as papers, presentations and other deliverables. Second, to move students beyond their quotidian routine, participants will follow a guided plan of self-discovery, introspection, and reflection that will take place on and around their daily walks. These activities include a series of exercises, one-on-one meetings, and journaling. Finally, to dive deeper into their own Camino, students will conduct a capstone research project of their own design. Proposals, finalized early in the course, shall include the most appropriate means of communicating their findings, such as a research paper, in-depth presentation, or other modality. Whether students are interested in history, geography, commerce, sustainable tourism, art, human relations, spirituality, local foodways, or what it means to be human, this journey will provide ample fodder for a curious mind. Evaluation will be based on engagement with the course, participation in group discussions and meetings, quality of the various written and verbal assignments, and the capstone research project. There are no prerequisites or language requirements. However, some knowledge of Spanish is encouraged and can provide for a more enriching experience. Students must be capable of walking with a 20+ pound backpack over a variety of terrain for an average of 12.4 miles (20 km) per day. As this is a monster expeditionary course, space is limited and enrollment requires permission of the instructor.

Assessment will be based on evidence that the student has completed assignments and readings; conducted a substantive and thorough independent research project; as well as, active and meaningful participation in seminar discussions and other course activities.

Level: Intermediate/Advanced. Prerequisites: None.  Class limit: 12.  Lab fee: $1,100. Meets the following degree requirements: HS.",,HS
HS2057,F27,"Mahoney, Dan",Fail Better: Writing Short Fiction,I/M,"This course will serve as a workshop both for creating our own short fictions as well as a forum for reading and responding to work by established authors. As a class we will get down to business; we will read and discuss amazing short stories and amazing authors; we will learn how to offer constructive criticism of each other’s work; and we will write, we will write, we will write. Class meetings will combine analysis of published work with a discussion of how individual writers approach their craft. We will study the conflict, character, plot and music of prose. The focus of this class will be literary fiction. I define literary fiction as work that is concerned not just with what happened, but why it happened. It is character driven and explores the motivations, desires, drives and consequences of the complex human experience. It is the stuff of life. Representative authors: Jorge Luis Borges, Julio Cortázar, Amelia Gray, Makoto Kawabata, Gish Jen, Hemingway, Flannery O’Connor, Milan Kundera, Mary Gaitskill, James Baldwin, Junot Diaz. Students are expected to create four shorter and one longer piece of fiction, respond to published writers, lead weekly discussions, participate in class response to fellow writers, and to revise their own work in substantive ways. 

Level: Introductory/Intermediate:  Prerequisites: None.  Course limit: 12.  Lab fee: none.  Meets the following degree requirements: HS",,HS
,F27,"Fuller, Linda",TBD,,,,
AD2055,F27,"Ialeggio, Anna",Place Through Pigments,I/M,"Terry Tempest Williams wrote that “... soul and soil are not separate.”  This seems especially true in the realm of pigments: colors gathered from the world around us, through which an inner state of mind may be expressed. As they are derived from plants, rocks, and soils, pigments also form direct material links between the artist and the place where the pigments were made.

This sketchbook-based course will cover the respectful sourcing of natural pigment ingredients (earth, rocks, plants, seaweed, fungi) and other materials; processing techniques (grinding, sieving, washing, and laking), and binding agents (linseed oil, gum arabic, soy milk, and egg white), and application methods (watercolors, oil paints). For the first half, we will travel, forage, process, and build up a palette of place-based pigments.  For the second, we’ll settle into an intensive studio period in which to explore the unique effects of making art with materials that are deeply, specifically of this place. We will explore observational drawing, free association, and doodling as equally valiant modes of expression. Along the way, we’ll look at artwork and talk to artists working within the realm of hyper-local materials.

Students should be prepared for multiple short trips by van and boat, as well as one overnight weekend camping trip. The course fee of $100 covers the cost of personal art-making supplies (yours to keep), studio equipment and supplies for the whole class to use, and the cost of travel on- and off-island.

Evaluation is based on participation in class activities (exercises, presentations, readings, discussions, frequent writing and/or drawing prompts), significant studio time outside of class, timely completion of two major projects with corresponding group critique sessions, consistent involvement with collecting and producing pigments, and general studio maintenance.

Level: Introductory/Intermediate. Prerequisites: None.  Class limit: 11.  Lab fee: $100.  Meets the following degree requirements: ADS.",,ADS
ES3060,F27,"Todd, Sean",Marine Mammal Biology I: Field Studies,M,"This Fall course provides an introduction to the biology and natural history of marine mammals, specializing in species resident within the North Atlantic, in a field setting.  Students spend two weeks prior to the start of the fall term at the College's Mt. Desert Rock Marine Research Station. In addition to introductory topics in marine mammal biology that include phylogeny and taxonomy; anatomy and physiology; behavior; sensory ecology; and management/conservation issues, students also integrate themselves into the resident research team and work on team projects that will include observation of animals in their natural habitat. In the Fall, students meet 3-4 further times for dissection of specimens, team project presentations, and optional attendance at a regional conference. Assessment is based on two individual literature-based reviews, one species- and one system-based, to be presented in class, participation in research projects, and written submissions of their research. Lab fee covers costs of field trips, including boat and field station time, and conference costs. A $250 nonrefundable deposit is required by June 1.  Offered every other year.

Level:  Intermediate.  Prerequisite: Biology I, II and a writing-focused class or permission of instructor.  Class limit: 15.  Lab fee: $600.  Meets the following degree requirements: ES",,ES
,F27,"Robbins, Dani",TBD,,,,
AD4052,F27,"McLean, Adam",Folk Music Ensemble,M/A,"In this performance-based class, students will work together to learn and perform traditional folk music, both in small groups and as a large ensemble. Styles will be guided by student interest and may include New England, Québécois, Cape Breton, Scottish, Irish, Old Time, Bluegrass, and others. Instrumentation may include (but is not limited to) fiddle, keyboard, guitar, banjo, mandolin, bouzouki, ukulele, dulcimer, bass, cello, accordion, concertina, pipes, flute, whistle, vocals, harp, and percussion. Tunes will primarily be taught “by ear,” although notation will be available as well. Throughout the term, students will play and interact with experienced folk music practitioners representing various styles and instruments. The class will include participation in informal local song sessions and will culminate in a final performance.

How will students in this course be evaluated?: Assessment of student work will be based on contributions to rehearsals and discussions, participation in sessions and performances, weekly reflections, and a research project on a tune of interest.

Level: Intermediate/Advanced. Prerequisites: Students should have some experience playing their instrument and should have reliable access to their instrument of choice. Class limit: 12. Lab fee: $40. Meets the following degree requirements: ADS.",,ADS
,F27,"Baker, Jodi",SABBATICAL,,,,
,F27,"Clinger, Catherine",TBD,,,,
,F27,"Clinger, Catherine",Tutorial,,,,
AD2053,F27,"Ferrari, Melissa",Nonfiction Filmmaking: Essay Film,I/M,"A century ago, John Grierson described documentary filmmaking as the “creative treatment of actuality,” recognizing the processes of interpretation, intervention, construction, and manipulation in the art of filming reality. In this introductory course, students will complete a series of topical exercises in nonfiction filmmaking, creating several short films that explore the spectrum of fiction, fact, and truth. Embracing filmmaking as a human ecological practice, students will gain exposure to a wide range of interdisciplinary approaches beyond the boundaries of conventional documentary, including essay film, archival/found footage, virtual fieldwork, landscape film, cinéma vérité, and poetic and experimental modes. Technical instruction will include foundations in cameras, basic lighting and cinematography skills, and guidance in editing and sound in Adobe Premiere. Screenings and short readings will kindle ethical questions about representation and power dynamics, honesty and accountability, the role of documentaries in creating change, community and collaboration, and duty of care. Further discussion topics may include re-enactment and mimicry, didacticism, propaganda, and fake documentary. 

Occasional field trips will allow students to practice fieldwork strategies, research methodologies and production skills. Students will be required to attend a weekend field trip to Camden, Maine for the Camden International Film Festival, an acclaimed documentary festival featuring screenings, artist panels, and film pitches. Transportation, lodging and festival passes will be provided.

Evaluation will be based on successful completion of assignments, thoughtful engagement in critiques and conversations, and active participation in production exercises.

Level: Introductory/Intermediate. Prerequisites: None.  Class limit: 12.  Lab fee: $150.  Meets the following degree requirements: ADS.",,ADS
AD-New,F27,"Ferrari, Melissa",Animated Documentary,,,,
AD3014,F27,"Todd, Sean",Soundscape,M,"Soundscape may be defined as an environment of sound (or sonic environment) with emphasis on the way it is perceived and understood by the individual, or by a society. It thus depends upon the relationship between the individual and any such environment. The term may refer to actual environments, or to abstract constructions such as musical compositions and tape montages, particularly when considered as an artificial environment. In this interdisciplinary course we investigate a broad range of acoustic concepts, ranging from a scientific treatment of the nature and behavior of sound both in air and underwater, the biology of hearing, the use of sound by animals in communication, and the cultural applications of sound and music in human society. Students will explore methods of composition using sounds as materials for assigned projects. Various approaches to understanding and experiencing sound will be examined, including spoken word, radio shows, music, and experimental forms. Labs will focus on understanding the nature of sound, and practical application of sound equipment, technique and theory. Students will learn about microphones, sound recording, amplification, and the physics of sound. The course will culminate in a performance to the community of student presentations that expresses the wide use of sound as part of our culture. Evaluation will be based on class participation and a set of assignments, including a final project. Emphasis will be placed on an artistic interpretation of soundscape, although students will be expected to have a basic understanding of the scientific basis of acoustic phenomena.

Level:  Intermediate.  Prerequisites: One AD and one ES course. Class Limit: 12.  Lab fee $60.  Meets the following degree requirements: ADS",,ADS
AD6030,F27,"Henderson, Jonathan",Samba Percussion Ensemble,,"Samba is one of music’s great spectacles – loud, coordinated, precise, and kinetic. The music is equally at home on the stage and in the street. All are welcome to participate in COA’s samba percussion ensemble. The individual percussion parts range in complexity so the music suits a wide range of skills and levels of experience. The musical repertoire for the ensemble will be developed in coordination with Caique Vidal, a Brazilian percussionist who will visit the class (virtually) on a few occasions to offer perspective and insights drawn from his experience with the music. Alongside rehearsal and performance, students will study the history of samba music in Brazil. We will read Barbara Browning’s Samba: Resistance in Motion and also discuss what the music’s recontextualization to a college campus in Maine might mean for its performers and listeners. Student assessment will be based on rehearsal attendance, class discussion participation, reading response journals, and a final group presentation.

Level: Variable, Introductory through Advanced. Prerequisites: None. Class limit: 20.  Lab Fee: $60. Meets the following degree requirements: ADS",,ADS
AD1079,F27,"Ialeggio, Anna",Introduction to Ceramic Sculpture,I,"Clay is a unique sculptural medium that can be highly technical and precise, a glorious gestural mess, and/or all points in between! This is an introductory studio course centered on hand-building in clay: pinch, coil, slab, extrusion, and molds. Through a series of technical and conceptual projects, we will engage the shifting intertidal zone between “form” and “function” as it may manifest through diverse cultural, material, and historical frameworks. Along the way, students will develop their own unique, expressive approaches to the possibilities and limitations of working with clay. (Note: this class does not include instruction on the wheel.) Students will be thoroughly immersed into the processes and techniques of handbuilding in mid-fire clay and in maintaining the studio itself. Students will acquire a practical introductory understanding of the material and chemical transformations present in ceramic processes. Through presentations and readings, we’ll explore a selection of global, historical and contemporary ideas and practices in ceramic craft and sculpture. We’ll put all of this together in search of new ways to communicate and experience ideas through three-dimensional forms in space. 

Evaluation is based on participation in class activities: exercises, readings and discussions, significant studio time outside of class, several short writing and/or drawing assignments, timely completion of all creative projects with corresponding group feedback sessions, and consistent studio maintenance.

Leve: Introductory. Prerequisites: None. Class limit: 12.  Lab fee: $120.  Meets the following degree requirements: ADS.",,ADS
,F27,"Muller, Brook",TBD,,,,
AD4050,F27,"Henderson, Jonathan",Sound Studies Practicum,M/A,"How are artists and scholars of sound engaging various crises in the anthropocene? What are the possibilities and limitations of responding to or representing a place through sound recording and playback? How do contemporary composers and sound artists engage place-specific material in their work? This practice-based course examines the interdisciplinary field of sound studies through close reading, listening, and hands-on (ears-on?) work in sound. Students will create place-based recording projects and site-specific sound installations that draw on local fieldwork excursions around Frenchman Bay, as well as on archival research connected to the Maine Sound and Story Archive and others. Students will sharpen skills in field recording, audio editing, multi-channel sound mixing and presentation, artistic collaboration, and building sonic-rich soundscapes as they work to create immersive sound art projects. This class will work to expand the narrative podcast format, seeking more abstract and layered forms that draw on research and storytelling to help audiences sense a place or a concept through the experience of sound. The course will examine key readings in the field of sound studies, and investigate the practice of sound artists working at the intersections of sound and climate change, sound and social (in)justice, the repatriation of sound recordings, sound and ethnographic practice, and more. Students must have prior experience recording and editing sound, and a willingness to collaborate with their peers to synthesize and realize their ideas. This course will involve fieldwork excursions outside of class time. Evaluation will be based on class participation, engagement with class projects and assignments, and the demonstration of learning in relationship to course content.

Level: Intermediate/Advanced. Prerequisites: At least one of any of the following courses (or by permission of the instructor): AD4015 Film Sound Image, HS3100 Within Living Memory, AD 1058 Dissecting Popular Music, HS3122 Navigating Change, HS3120 Audio Journalism, AD3014 Soundscape, AD1040 Audio Production and Engineering, AD 1072 Audio Production as Compositional Tool. If you have not taken one of these courses but feel you have the background to take this course, please reach out to the instructor. Class Limit: 12. Lab fee: $50. Meets the following degree requirements: ADS.",,ADS
AD1071,F27,"Sebastian, Neeraj",Fundamentals of Painting,I,"In this course, students will be introduced to the basic aspects involved in the process of translating what they are observing in space onto two-dimensional surfaces in oil paint. Students will be introduced to the basics of color theory, mixing and matching colors, and also explore how color can change depending on context. Through the assignments we will investigate how form, volume, space and light can be captured in paint. Students will learn how to build their own frames and stretch and prepare canvases for painting and develop a studio practice, which includes cleaning and maintenance of brushes, the palette and other tools. A broad range of ideas and concerns in painting throughout history, from various parts of the world will be introduced in the class. In the last part of the term, different aspects of composition will be discussed: the way colors and shapes can work together to create an integrated image. Assignments will include quick paintings as well as paintings that are made over the course of multiple class sessions. The assignments over the course of the term will build students’ confidence in translating what’s in front of them, which makes the task of taking on the images in their heads, the images they are interested in, less daunting.
Students will learn how to look at and analyze their peers’ work and provide them with constructive feedback during critiques. Previous drawing experience at high school or college level is strongly recommended. Evaluation will be based on how the specific criteria set for each assignment are met, participation and engagement during critiques, and receptivity to feedback.

Level: Introductory. Prerequisite: None, but previous drawing experience at high school or college level is strongly recommended. Class limit: 12. Lab fee: $125. Meets the following degree requirements: ADS.",,ADS
AD1072,F27,"Soares, Zach",Audio Production as Compositional Tool,I,"In 1979, the music producer Brian Eno argued that the recording studio is a “compositional tool,” upending the idea that the recording studio exists to document pre-existing musical compositions. His assertion came on the back of pivotal albums such as The Beatles’ “Revolver” and The Beach Boys’ “Pet Sounds” (1966), which demonstrated the creative possibilities of composing in the studio. We might call this type of approach to music composition “playing the studio.” In this course, students learn how music production makes use of editing, mixing, and effect processing to maximize its impact. Through readings, film screenings, and audio listening sessions, students learn about past and present studio techniques and use these techniques during audio projects and exercises. Students learn to use virtual instruments, effect processors, microphones, and COA’s recording studio to strengthen their technical audio recording, editing, and mixing skills. Students will be evaluated based on their participation in class discussions, their fluency in the use of recording equipment and software, the process they use to approach each assignment, and the completion of assigned projects. No prerequisites or sound/music experience is required.

Level: Introductory. Prerequisites: None.  Class limit: 10. Lab fee: None.  Meets the following degree requirements: ADS.",,ADS
,F27,"Feldman, David",TBD,,,,
ES1090,F27,"Gadeken, Kara",Intertidal Ecology,I,"The intertidal occupies the space on the ocean shore between the highest and lowest extents of the tides, and the organisms inhabiting the intertidal must adapt to an ever-fluctuating environment. It is unique among ecosystems in that it condenses and concentrates many ecological processes along a strong physiological gradient, and so serves as an ideal environment to observe and investigate fundamental ecological principles.

In this course, you will be introduced to the many diverse intertidal ecosystems of coastal Maine, from rocky shorelines to tidal mudflats to salt marshes. Through discussions in class and observations in the field, we will endeavor to answer the questions:

What organisms are found in the intertidal, and how are they adapted to life there?
How is the distribution of intertidal organisms dictated by living in a transitional environment?
How do intertidal organisms interact with each other, and how does this shape the community?

We meet twice per week for class time with one afternoon lab period. During lab time we will be going on field trips as much as possible to explore the local intertidal habitats. This course is intended as an accessible introduction to marine community ecology and field work. Assessment is based on weekly question sets, lab assignments, and a short research proposal.

This course is a partner course to Ecology: Natural History, meaning we explore the same topics just in different environments. Therefore, students may enroll in either Intertidal Ecology or Ecology: Natural History but not both.

Level: Introductory. Prerequisites: None. Class limit: 16. Lab fee: $15. Meets the following degree requirements: ES.",,ES
ES1028,F27,"Gadeken, Kara",Marine Biology,I,"This is a broad course, covering the biology of organisms in various marine habitats (rocky intertidal, mud and sand, estuaries, open ocean, coral reefs, deep sea), and some policy and marine management and conservation issues. The largest part of this course is focused on learning to identify and understand the natural history and ecology of the marine flora and fauna of New England, with an emphasis on the rocky intertidal of Mount Desert Island.  The course meets twice per week with one afternoon for laboratory work or field trips.  Evaluations are based on the quality of participation in class, one in-class practical, several sets of essay questions, and a field notebook emphasizing natural history notes of local organisms.  This class is intended for first year students, who will have priority during registration.  Returning students may take this course only with permission of the instructor.   

Level: Introductory.  Prerequisites:  Signature of instructor for returning students.  Offered at least every other year.  Class limit:  20.  Lab fee:  $80.  Meets the following degree requirements: ES",,ES
ES3090,F27,"Gibson, David",Practicum in Sustainable Energy,M,"This is a hands-on, project-based class in which students will collaboratively plan for and participate in all aspects of renewable energy projects on College of the Atlantic's campus.  Examples of projects include installation of a solar photovoltaic array, airsealing and insulating one of the college's buildings, or planning and installing a greenhouse heating system. Students will learn how to take a project from design through fruition while navigating the various phases of the project lifecycle including operation and maintenance. The course will begin with an overview of existing technology and an analysis of the current energy generation and consumption data for the project site(s). The class will then plan the project and present this plan to the community. As part of this planning process, students will learn about the economics of renewable energy systems, including return on investment (ROI), internal rate of return (IRR), and related quantities. Students who successfully complete this class will gain the skills necessary to conceptualize, plan for, finance, and implement renewable energy projects.  Evaluation will be based on several short presentations, problem sets, and active and effective participation in all aspects of the project. Default grade is Credit/No Credit.

Level: Intermediate. Pre-requisites: Physics and Mathematics of Sustainable Energy is strongly recommended.  Class limit: 10. Lab Fee: $50 Meets the following degree requirements: none.",,
ES1038,F27,"Hall, Sarah",Geology of Mt. Desert Island,I,"This course is designed to introduce students to geological concepts, tools of the trade, and to the geological history of Mount Desert Island. Throughout the course, students will learn skillsets (topographic and geologic map reading, orienteering, field observation, note taking, field measurements) and geologic principles (rock types, stratigraphy, plate tectonics, earth systems, geologic time, surface processes) both in the classroom and in the field. We will conduct multiple short field excursions on MDI and one extended weekend field trip to explore the regional geology. Students will submit a term project complete with their own field data, maps, photos, and analysis of the local and regional geology. Students will be evaluated on the term project, short quizzes, additional written assignments and lab reports. Offered every fall. 

Level: Introductory. Prerequisites: none. Class limit: 14.  Lab Fee: $50.  Meets the following degree requirements: ES",,ES
ES-New,F27,"Hall, Sarah",GIS for Watersheds?,,,,
ES5041,F27,"Letcher, Susan",Forest Ecology,A,"Forests hold a large fraction of the world’s biodiversity and store immense reserves of carbon. This course will focus on understanding forests at the population, community, and ecosystem scales. We will study woody plant taxonomy; the way that forests are defined and understood by ecologists; the factors that influence plant distributions at large and small scales; the biotic and abiotic controls on tree growth and productivity; the cycling of carbon, nitrogen, and phosphorus in forests; the life history strategies of different functional groups of trees; the population and community dynamics of trees, including forest succession; the ecological interactions between trees and other organisms in the forest; and forest diversity across the globe. The course will focus primarily on Maine forests, with field trips to Acadia National Park and the surrounding area, but we will also take a global perspective and study forest ecosystems from the taiga to the tropics. Fieldwork will cover woody plant taxonomy, forest inventory methods, and forest ecosystem assessment. Students will be evaluated based on class participation, dendrology quizzes, a field/lab notebook, and final project reports (written and oral).

Level: Advanced.  Prerequisites: ES3014 Ecology AND Trees and ES2014 Shrubs of MDI (or equivalent exposure to local plant taxonomy), and permission of instructor.  Class limit: 12.  Lab fee: $100.  Meets the following degree requirements: ES",,ES
AD4046,F27,"Sebastian, Neeraj",Drawing Intensive/Developing a Studio Practice,M/A,"In the first part of this course, drawing will be used to experiment, interrogate and expand different aspects of one’s artistic practice. Using a broad range of materials, students are encouraged to work intuitively and take multiple approaches to presenting ideas–especially ideas that may not have been explored previously in their work–and develop them in different ways. Students will create large quantities of drawings based on prompts that will then be discussed with the class. What stands out? What makes a piece surprising or interesting? What revisions can be made to strengthen these moments or motifs? These are kinds of questions that will inform our discussions.

Taken together, these drawings will offer a broad range of possibilities that will then be explored for the rest of the term, during which students will develop a body of work. Students will meet weekly as a group to discuss work made or advanced in the previous week and meet individually with the instructor every other week to discuss materials and other aspects of their art practices. The work made over the course of the term should include material investigation (why are you using the materials you’re using and how does it support your thematic interests?) and embody a range of conceptual concerns. Throughout the term, students will be introduced to several artists’ working methods. Students are expected to work independently and have some degree of familiarity with the materials they choose to work with.

“Drawing” is used broadly here: students working in any medium are encouraged to take this course (for example, a student interested in three-dimensional work might respond to the prompts with forms made from cardboard or other found materials). This course is designed to kickstart a nascent practice or one that might have become dormant or plateaued as well as give students room to experiment and then build on these experiments. Students enrolling in this class should have some form of previous studio experience.   Evaluation will be based on students’ work, participation in class discussions, the ability to offer critical and constructive feedback to one’s peers, and the ability to push oneself beyond one’s comfort zone or perceived limitations—especially when it comes to allowing the work to evolve and change in response to feedback and critique. 

Level: Intermediate/Advanced. Prerequisites: At least one ADS course.  Class limit: 8.  Lab fee: $100.  Meets the following degree requirements: ADS.",,ADS
ES2010,F27,"Slabach, Brittany",Ecology: Natural History,I/M,"This course emphasizes field studies of the ecology of Mount Desert Island, incorporating labs and field trips.  Each exercise focuses on a central ecological concept.  Topics include intertidal biology and diversity, forest trees and site types, bedrock geology, soil biology, insect diversity, pollination ecology, freshwater biology, predation, herbivory, and the migration of birds.  Discussions include the development of natural history as a science and the role of natural selection in the evolution of diversity.  Students are expected to keep a field notebook or journal, to undertake a project, and to write a term paper.  Class meets for two lecture sessions and one lab session or two field/lab sessions per week.  The course is particularly appropriate for students concentrating in Environmental Education. 

This course is a partner course to Intertidal Ecology, meaning we explore the same topics just in different environments. Therefore, students may enroll in either Ecology: Natural History or Intertidal Ecology but not both. 

Level: Introductory/Intermediate. Prerequisites: None; field work involves strenuous hiking. Class Limit: 11. Lab fee: $95.  Meets the following degree requirements: ES",,ES
ES3104,F27,"Slabach, Brittany",Vertebrate Zoology,M,"In this course, we will explore the phylogenetic, morphological, and ecological diversity of vertebrates within an evolutionary framework. Using a comparative approach, we will explore the diversity of major vertebrate groups, with a focus on local representatives; interpret major evolutionary transitions; and identify the relationships between structure and function. We will practice developing hypotheses about vertebrate ecology and evolution, considering morphological, behavioral, ecological, and life history traits. The laboratory component will be a mixture of work with museum specimens, dissections, and fieldwork. We will focus on nomenclature of anatomy, standard necropsy and identification techniques, including use of taxonomic keys. Fieldwork will introduce methods to survey and monitor vertebrates, including standard capture, handling, and marking techniques. The laboratory is scheduled with early field mornings in mind. Days we are not conducting field work, we will meet later for lab. There is a required weekend field trip. This class involves a fair amount of reading and memorization to help develop a strong foundation in the taxonomy of vertebrates, as this course is a prerequisite for other advanced vertebrate courses. Assessments include quizzes, a lab/field journal, a practical, and a final written “dream project” on a vertebrate ecology and evolution question of your choice.

This course serves as a prerequisite for ornithology, herpetology and mammalogy courses.

Level: Intermediate. Prerequisites: ES1054 Biology: Form and Function and a course in ecology. Class limit: 11.  Lab fee: $75.  Meets the following degree requirements: ES.",,ES
HS2092,W28,"Little-Siebold, Todd",Race and Racism in America: A Very Short Story,I/M,"This readings seminar will explore the history of race thinking and structural forms of power in America from the earliest settlement of the hemisphere by Europeans to the twentieth century. We will emphasize the specific mechanisms of power used to produce and reproduce the ideas and institutions that oppressed African Americans, Native Americans, and ""ethnics"" over the course of the country’s history. As a nation built on slavery, racial discrimination, and white supremacy, the United States provides a unique vantage point from which to examine the workings out of the strange ideologies of difference that took root in the New World. The class will explore a wide range of histories from the origins of slavery in the seventeenth century as a solution to the ""the problem of the poor"" to the inclusion of Irish, Jewish and others in the category of ""White"" in the twentieth. A key aspect of the course will be examining the construction and workings of Whiteness. The seminar will be based on discussion of key texts in the scholarship of race and racism in the United States, and students will lead those discussions. Other core work of the class will be mastering the complex arguments and evidence used to reveal the inner workings of white supremacy through readings, analytic writing, and an independent project. The course is intended for a wide range of students willing to dig in to the work of reading extensively about a contentious topic to form their own historical analysis of the past. Evaluation will be based on discussion, mastery of the readings, short analytic writing, and a final project.

Level: Introductory/Intermediate.  Prerequisites: None.  Lab fee: None.  Class limit: 15.  Meets the following degree requirements: HS, HY",,HS HY
HS1011,W28,"Little-Siebold, Todd",Environmental History,I,"How has human history shaped and been shaped by ""the environment""?  Environmental history is one of the most exciting new fields in history.  In this course we examine world history from Mesopotamia to the present to see the role such things as resource scarcity, mythology, philosophy, imperialism, land policy, theology, plagues, scientific revolutions, the discovery of the new world, the industrial revolution, etc. on the natural, social, and built environments.

Level: Introductory.  Prerequisites: None.  Class limit: 15.  Lab fee: none.  Meets the following degree requirements: HS HY",,HS HY
HS1065,W28,"Lakey, Heather",Philosophies of Good and Evil,I,"Good and evil are timeless topics and they have motivated centuries of philosophical thinking. Although the terms “good” and “evil” are commonly used across a range of discourses, they are ambiguous, equivocal, and contested concepts. In an effort to explore different ideas about good and evil, this course provides a broad overview of the issues, arguments, and debates that shape philosophical ethics. Guiding questions include the following: What are the origins of good and evil? What makes an action right or wrong? Why do we act morally? What should we do with someone who commits a horrific act? Who decides what counts as a horrific act? What kinds of ethical theories operate without the concepts of good and evil? Is evil an outdated or relevant concept? Do the concepts of good and evil help or hinder moral thinking?

To critically unpack these questions, we will read works by ethical thinkers including Immanuel Kant, John Stuart Mill, Hannah Arendt, Zhuangzi, Simone de Beauvoir, Abû Nasr al-Fârâbî, Nell Noddings, Peter Singer, Kwame Gyekye, Mencius, Sherman Alexie, and others. Along the way, we will study deontology, utilitarianism, contractarianism, ethical relativism, feminist ethics, Taoism, and existential ethics. In addition, we will unpack the ethical arguments that orbit concrete topics such as execution, murder, moral character, racial injustice, and our ethical duties to one another.

This course will familiarize students with the influential frameworks of ethical philosophy, and it will encourage students to apply these frameworks to specific ethical problems. Course requirements include class participation, three short papers, a reflection essay, and a final paper or project. There are no prerequisites for this course, but students should be prepared to engage with difficult, philosophical texts and to discuss these texts in class. 

Level: Introductory.  Prerequisites: None, but students should be prepared to engage difficult, philosophical texts and to discuss these texts in class.  Class limit: 12.  Lab fee: None.  Meets the following degree requirements: HS",,HS
HS2096,W28,"Lakey, Heather","Nature, Humans, and Philosophy",I/M,"According to COA’s website, Human Ecology studies the relationships between humans and their natural and social environments. But what do we mean by “nature,” and what distinguishes a natural environment from a social one? Moreover, what kinds of relationships should we cultivate with our natural environments? This discussion-based course explores the concepts of nature and environmental responsibility across different philosophical and cultural frameworks. We will draw on a variety of readings from environmental ethics, ecofeminism, deep ecology, American transcendentalism, indigenous studies, queer theory, and Buddhism. We will read selections from thinkers such as John Stuart Mill, Ralph Waldo Emerson, Ramachandra Guha, Aldo Leopold, Arne Naess, Val Plumwood, Vandana Shiva, Gary Snyder, Henry David Thoreau, Eduardo Kohn, Mary-Jane Rubenstein, Thich Nhat Hanh, Anna Tsing, and others. 

Guiding questions include the following: What is nature? How is the idea of nature politicized and socially constructed? Do we have moral obligations to nature? How should humans relate to nature? What assumptions drive the conceptual distinction between humans and nature? Although this course will focus primarily on theoretical questions, we will also discuss issues in applied ethics such as, control over natural resources, wilderness preservation, sustainability, and consumption. Throughout the course, we will revisit questions pertaining to environmental activism, and we will consider how philosophy can help us to articulate our ethical responsibilities and obligations. 

Upon completion of this course, students will have gained a richer philosophical understanding of the idea of nature and they will be familiar with key debates in environmental ethics. Course requirements include weekly writing assignments, a midterm exam, a final paper, and class participation. There are no prerequisites, but students should arrive to this class prepared to engage difficult philosophical texts and to share their ideas with others. 

Level: Introductory/Intermediate.  Prerequisites: None.  Class limit: 15.  Lab fee: None.  Meets the following degree requirements: HS",,HS
HS1127,W28,"Cox, Gray",The Political Economy of Artificial Intelligence,I,"We live in a time when ever more pervasive forms of Artificial Intelligence (AI) are transforming our world. From quotidian applications such as generating audio-visual contents and responding to human’s queries to more intangible applications such as restructuring the labor market, speeding up extractive economic growth, and empowering surveillance and oppression on a mass scale, the potentials unleashed by AI are ready to upend our world. How are the shifts toward digital forms of production and exchange challenging the “laws” of supply and demand and other t political economic processes? How will the digitalization of nature intensify and transform the ways in which the commodification of nature has altered ecological systems? What will happen when AI saturates our political and economic life while it simultaneously depletes the planet? How will AI shape our understanding of ourselves and our societies? How do we, individually and collectively, grapple with ethical and existential issues that AI proliferation has raised and will continue to raise? Is it all too late, or is it merely a beginning? In this course students will approach these questions through the lens of political economy, which focuses on how the quest for power and profit has shaped the development and deployment of AI, and how AI applications, in turns, are disrupting and transforming our society and our planet. The course will draw on traditional methods of Political Economic analysis and tools from Futures Studies such as scenario building and the Delphi Method. Topics addressed may include, for instance: challenges in aligning AI systems with human values; open source vs. proprietary models of digital property; the implications of AI and other forms of digital powers for democracy, nation states, and global governance; transformations in labor markets and class structures; and debates over transhumanism and competing visions of technological futures. Our selection of key texts may include Gray Cox’s Smarter Planet or Wise Earth, Kate Crawford’s Atlas of AI, and Nick Dyer-Witherford et al. ‘s Inhuman Power. The course is valuable for any students who want to investigate the development trajectory of AI and its predecessors, to engage critically with the impacts and contradictions of AI implementation, and to cultivate a creative imagination about the future of life and work when AI becomes ubiquitous. Upon completion of this course, you will have developed the abilities to: 1.) understand and explain key features of the emerging forms of AI and related technologies and their impacts on human ecological systems; 2.) use theoretical analyses and empirical evidence to critically engage with conflicting discourses from various political economic traditions regarding AI-related technologies; 3.) envision competing scenarios of the future with AI and critically analyze the conceptual and practical insights which they may offer.

Students will be evaluated through a combination of reading responses, in-class participation, short papers, and a final symposium in which students will present and debate their visions for the future political economy of AI and/or how AI will transform political economic systems around the world.

Level: Introductory. Prerequisites: No previous knowledge of AI is required but students may benefit from some basic background in economics and/or politics. Class limit: 15.  Lab fee: None. Meets the following degree requirements: HS.",,HS
,W28,"Friedlander, Jay",TBD,,,,
HS2076,W28,"Donovan, Martha","Life Stories: Memory, Family, and Place",I/M,"One of the deepest human instincts is to tell our life stories, to figure out who we are. This course will use a workshop approach with a particular focus on memoir writing rooted in an exploration of family and place. We will study the writing process and matters of craft by reading and responding to memoirs by contemporary writers (e.g., Terry Tempest Williams’ When Women Were Birds: Fifty-Four Variations on Voice), a practical guide to memoir writing (Judith Barrington's Writing the Memoir), and essays on memoir and memory (e.g., Patricia Hampl’s I Could Tell You Stories: Sojourns in the Land of Memory). Class time will include discussion of readings, writing exercises designed to help students with matters of language and technique in their own writing, and group critiques of work-in-progress. Student work will be shared through a class reading and the production of a chapbook of one of their stories. Students will be evaluated on the effort and quality of their writing, their commitment to the writing process, their participation in peer review and workshops, a final portfolio of all their writing, and their class reading of finished work. 

Level: Introductory/Intermediate.  Prerequisites: None.  Class limit: 12.  Lab fee: $20. Meets the following degree requirements: HS.",,HS
,W28,"Collum, Kourtney",[no classes],,,,
HS1110,W28,"Khor, Su Yin",Food and identity in writing: Multimodality in composition,I,"It feels like pizza has always been considered American, but we know that it was originally brought to the US by Italian immigrants. Both the US and Italy claim pizza as a national dish, and this type of debate about where food comes from—and who it belongs to—is highly connected to our national and local identities. As humans continue to migrate across borders and blur the boundaries in digital spaces, our identities continue to develop as we interact with each other and different types of food. We will consider how this movement shapes our ideas of ‘foreign’ and ‘local’ and how one becomes the other, as well as the line between honoring a culture and appropriating it.

We will examine the intersections of the genre conventions, rhetorical situation, and the writers’ identities to understand how these elements work together when producing texts. We will learn key composition concepts (genre, rhetorical situation, and multimodality) and support the
development of your genre research skills. We will use these concepts and conduct genre research to examine various food writing genres, such as narratives, recipes, and social media posts to understand how writing is an activity that goes beyond putting words together on a piece
of paper. These activities will support your overall genre research skills and deepen your understanding of writing, which can be transferred to other writing activities beyond this course. Classes will be based on genre analysis activities and group discussions. We will read works that address food writing genres and identity, and we will watch documentaries that explore the intersections of food, identity, and migration. Course assignments include your reproduction of a food writing genre, weekly reading responses, reflections and narratives to document your learning trajectory, which will also be used for assessment purposes.

Level: Introductory. Prerequisites: None.  Class limit: 12.  Lab fee: None.  Meets the following degree requirements: HS, W.",,W HS
AD2035,W28,"Mahoney, Dan","Our Band Could Be Your Life: Music, Art, Zines 1975-2015",I/M,"This course is an investigation of how we consume and are consumed by music.  Topics include youth and subcultures of music, power and identity, the politics of location, and fan cultures. We will listen to punk rock, hip hop, riot grrrl, shoegaze, noise, psych, death metal, doom drone, post rock, grindcore and pop (among others); we will analyze visual artists who come to represent musical movements (such as Raymond Pettibon & Winston Smith, Fab 5 Freddy & Cey Adams) and we will read socio-cultural criticism of the times and places from which these artists sprang (Joan Didion, Steve Waksman, Theodor Adorno, Tobi Vale, Kathleen Hanna and Kevin Young).  The class will explore analogue artifacts from the 70s, 80s & 90s (posters, zines, fine art, videos) and compare them to digital artifacts found today on the internet.  Students are required to attend all weekly film screenings and sound sessions.  Evaluations will be based on regular critical responses, a final project and participation in discussion and class activities.  

Level: Introductory/Intermediate.  Prerequisites: none.  Class limit: 15.  Lab fee: None. Meets the following degree requirements: AD.",,AD
HS2010,W28,"Waldron, Karen","Literature, Science, Spirituality",I/M,"A survey of Anglo-American literature from the Scientific Revolution to the present.  Focuses on the ongoing debate about the role of science in Western culture, the potential benefits and dangers of scientific experimentation, the spiritual, religious, social and political issues that come about with the Ages of Discovery and Reason, and their treatment in literature.  Specific debates include concerns over what is ""natural,"" whether knowledge is dangerous, the perils of objectivity, and the mind/body dichotomy; works include Shelley's Frankenstein, Ibsen's An Enemy of the People, Brecht's Galileo, Lightman's Einstein's Dreams and Naylor's Mama Day as well as short stories and poems.  Writing-focused option.

Level:  Introductory/Intermediate. Prerequisite: Writing Seminar I. Offered every two or three years. Lab fee: $10. Class limit: 15. Meets the following degree requirements: HS",,HS
HS1129,W28,"Nguyen, Hien",Introduction to Political Economy,I,"This course introduces students to the study of political economy from a Marxist perspective. Unlike economics which focuses on various parts of the economy, whether at the micro- or macro- level, political economy focuses on the intertwining of power and money, or how politics affects the economic system and how the economy in turn shapes politics. As most of the world now lives with variants of the capitalist economic system, we will devote our time to study the structure of capitalism, its logics, as well as its contradictions and malfunctions. We will do so by engaging with Karl Marx’s original writings, which to this day still constitute one of the most fundamental and insightful critiques of the capitalist economic system. Marx’s Capital, Volume One will be both our guiding posts and a useful entry point for thinking about a wide range of issues, including labor and value, commodity fetishism and consumerism, capital accumulation and exploitation, and the ongoing violence of accumulation through dispossession, colonization, and other means.

As Eric Wolf, the late anthropologist, has noted, “the social sciences constitute one long dialogue with the ghost of Marx” (Europe and the People without History, 1982). Rather than being Marx’s disciples, we strive to be his interlocutor. As such, in addition to selections from Marx’s key works, we also read current Marxian political economy scholarship that draws on, critiques, and pushes its boundaries 

This course is valuable for any students who are interested in politics, economics, international development, future study, food systems, climate justice, social changes, and any area of studies that grapple with capitalism in its transnational, racialized, and gendered dimensions. Upon completion, students will have developed practices of thinking critically and imaginatively about capitalism’s fundamental drives, uneven development, appetite for technological innovation, and tendency towards violent expansion. 

No previous knowledge is required, but students should be prepared to read complex, abstract texts. Students will be evaluated through bi-weekly reading reviews (approximately 3-5 pages of critical reflection based on assigned readings) and a final project.

Level: Introductory. Prerequisites: None. Class limit: 12. Lab fee: None. Meets the following degree requirements: HS.",,HS
HS-New,W28,"Nguyen, Hien",Change in Theory,,,,
HS3103,W28,"Stabinsky, Doreen",Terrestrial Politics / French Immersion,M,"This course explores politics of the terrestrial, of the earth and its defenders, through lenses of both theory and practice. Through their writings and, where possible, in direct conversation, we interact with activists and movements involved in struggles to protect earth, land, livelihoods, and community, and those actively working to build alternatives to ways of being in the world that they are struggling against. We also read theoretical reflections on these struggles, drawing from scholars in the fields of political ecology, political ontology, and political economy, among others. Locally rooted activities take place within global economic and political contexts – markets, international treaties, and other spaces and places where local and global come into contact, where ontologies collide, and where different forms of power are produced and interact across distances. Course materials and discussion will explore these global contexts, concrete ways and means by which economic and political power is contested in these spaces, and ongoing experiments with and strivings toward a different world, one where many worlds may fit. Topics explored include resistance against mining and other extractive industries, pipeline fights, land grabbing for agro-industrial expansion, carbon and biodiversity offset markets, and geoengineering. Evaluation in the class will be based on preparation for and participation in class discussions, regular reflective essays on readings, and a final extended essay, presentation, or podcast on some aspect of terrestrial politics.

Level: Intermediate.  Prerequisites: None.  Class limit: 18.  Lab fee: None.  Mets the following degree requirements: HS",,HS
HS2112,W28,"Taneja, Palak","Midnight's Children OR Object, Memory, Literature",I/M,"“Only by unleashing the fictionality of fiction, the imaginativeness of the imagination, the dream songs of our dreams, can we hope to approach the new, and to create fiction that may, once again, be more interesting than the facts."" -Salman Rushdie, “Ask Yourself"".  Nobody exemplifies these notions better than Rushdie himself. Therefore, this course will be an exploration of the fantastical world of Salman Rushdie through his seminal novel Midnight’s Children. Deemed as one of the Great Books of the 20th century, which won the Booker prize the year of its publication, 1981, and the Booker of Bookers twice over (in 1993 and 2008), the novel is a prime example of postcolonialism with a magical realist twist.
In this class, we will take a deep dive into Rushdie’s novel by paying close attention to the prose and his style and the history and contexts that he sets up in this novel. Therefore, the reading of the novel will be supplemented with historical background and literary criticism that bring up questions of utopia, nation, politics, identity, and subalternity, to name a few. You will be evaluated on class participation and written assignments like discussion posts, an oral presentation, a paper, and a final project.

Level: Introductory/Intermediate. Prerequisites: None.  Class limit: 15.  Lab fee: None.  Meets the following degree requirements: HS",,HS
HS-New,W28,"Taneja, Palak",College Seminar: Podcast Class,,,,
HS1137,W28,"Tsygankova, Valeria",Pushing the Boundaries of the Essay,I,"What comes to mind when you hear the word “essay”? Maybe you think of a formula that you learned long ago: five standardized paragraphs supporting a single claim with little room for anything else. Maybe you think of essay writing as a mechanical, rulebound, and unexciting kind of writing. And yet, over its centuries-long history, essay writing has been anything but formulaic—so much so that scholars find it impossible to agree on a set of stable features that define an essay. As the editors of the Edinburgh Companion to the Essay (2022) argue, the essay isn’t a unitary genre at all. Instead, it’s a “contested space,” marked by many diverse and competing approaches. This class is a gateway to that contested space. Assigned readings will introduce students to the outer limits of the essay universe and to writers who have made their own unique marks on the tradition, which has experimentation and exploration at its heart.

 

Encountering the actual diversity and inventiveness of the essay form will yield a wealth of strategies for students to test out in their own writing—strategies for engaging readers, for analyzing the world around us, for communicating a point of view, for posing significant questions, and for responding to other thinkers. Students will write to analyze the writing of others as well as to pursue essay projects of their own design, using the essay form for the exciting and imaginative reasons that writers have turned to it for generations: to delve into the intellectual, aesthetic, and ethical questions that captivate them. By doing this work, students will expand their abilities for inquiry, critical thinking, and argumentation, and become better navigators of writing for many purposes and audiences at college and beyond.

 

Students will be evaluated on two main essay projects, one of which can be multimodal, and on their participation in a recursive writing process that includes reading, exploratory writing, drafting, revising, and responding to classmates’ drafts. This course will be helpful for new college students looking to establish a base of knowledge about analytical writing, as well as for students at any point in their college careers who want to dedicate time to working intentionally on their writing. Students interested in reading and writing literary and cultural criticism, creative nonfiction, and science writing for a general audience might be especially interested in this course.

Level: Introductory. Prerequisites: None. Class limit: 12.  Lab fee: None. Meets the following degree requirements: W, HS.",,W HS
HS3131,W28,"Turok, Katharine",Writing Goes Wild: Environmental Adventures and Impacts,M,"How does the environment affect our sense of place as well as national, regional, and personal identity? Taking a multifaceted view of human relationships with nature, students will generate research projects driven by questions about tourism and eco-tourism, species population change, climate degradation, the role of technology, and development of wildlands and waterways. Research discussed in class will also center on environmental values and challenges expressed by ecocritics, naturalists, biologists, philosophers, archaeologists, psychologists, poets, filmmakers, and others from the nineteenth century to the present. Several local excursions will provide opportunities for taking field notes. Students will be encouraged to experiment with different forms of writing, expanding their genre analysis, rhetorical awareness, and research practices, while deepening their own relationship with nature. Sharing work during peer reviews will become integral, uncovering and inspiring various writing processes.

This transdisciplinary, experiential approach will help establish a strong foundation for students’ writings outside this course and for evaluating possible impacts on the environment by potential encroachments. Spanning memoir, travel, science and nature, cultural issues, and current events, short readings will include writers such as Wendell Berry, Charles Darwin, Susan Fenimore Cooper, Luther Standing Bear, Jacquetta Hawkes, Richard Wright, Edward Abbey, N. Scott Momaday, Leslie Marmon Silko, Loren Eiseley, Terry Tempest Williams, Jamaica Kincaid, Ray Gonzalez, Evelyn C. White, and Jessica Hernandez.
Evaluations will be based on fieldnotes, two research projects, and class discussions.

Level: Intermediate. Prerequisites: None. Class Limit: 12. Lab Fee: None. Meets the following degree requirements: W, HS.",,W HS
HS2128,W28,"Van Vliet, Netta","Authoritarianism, Conflict, Collaboration",I/M,"This course draws on multiple disciplines and interdisciplinary fields (anthropology, literature, philosophy, psychoanalysis, history, postcolonial and feminist studies) to explore questions about authoritarian and anti-authoritarian contexts and practices. Authoritarianism, broadly defined, is characterized by centralized power, repression of dissent, and pressure to obey authority. Dictatorship, totalitarianism, and fascism all name forms of authoritarian regimes. It can be easy to recognize authoritarianism when it has become established in such forms. But what does it look, feel and sound like in terms of how it can infiltrate our daily systems? In this class, we will consider how authoritarianism can take hold through looking at dynamics of power in the relations, discourses and structures that make up everyday sites such as the home, family, the school, places of worship, and the workplace. On the flip side, we will also consider examples of collaboration in contexts of conflict and disagreement. What does working (and learning, teaching, and living) together in contexts of conflict, and with multiple forms of difference and disagreement, involve? The course will include attention to the significance of the nation-state as a form of political organization that dominates the globe today. We will also consider examples of social and political movements that have emerged in response to state repression in the 20th and 21st centuries in different parts of the world, as well as contemporary discourses about racism and anti-racism, sexual violence, war, capitalism and economic power, and disagreement and conflict.

Some of the questions we will examine over the term include: How do we understand relations between truth and power (and how are these terms defined)? How do we know what we think we know (epistemology)? What is structural power? What is the significance of relations between individual and group for how we respond to tensions between “individual freedom” and “collective or community wellbeing”? What is the significance of private/public distinctions for politics? Course materials will likely include work by Louis Althusser, Nur Amali Ibrahim, Benedict Anderson, Hannah Arendt, Judith Butler, Jacques Derrida, Frantz Fanon, Michel Foucault, Sigmund Freud, Verónica Gago, Adolf Hitler, William Mazzarella, George Orwell, Edward Said, Carl Schmitt, Timothy Snyder, Gayatri Spivak and Luisa Valenzuela, among others. We will also draw on contemporary news, social media and film. Students will be evaluated based on small group projects, weekly reading responses, and a mid-term paper.

Level: Introductory/Intermediate. Prerequisites: None.  Class limit: 15. Lab fee: None. Meets the following degree requirements: HS.",,HS
HS-New,W28,"Van Vliet, Netta",Speciesism and the Politics and Culture of Veganism,,,,
HS4114,W28,"Cline, Ken",Rights of Nature,M/A,"Does nature have rights? There is a growing global movement answering that question in the affirmative. But what does that mean and how does it function in legal and political systems? The Rights of Nature (RoN) movement(s) has the potential to revolutionize environmental law and our relationship to the planet. Many believe that existing environmental law is inadequate to solve the critical problems of climate change, habitat loss, and mass extinction. The RoN movement proposes strategies that include granting rights to nature through legal personhood and assigning property rights to rivers, culturally important plants, specific animals, and wildlife. The course explores both the promise and perils of this approach while also exploring the field’s multifarious origins, including Indigenous Law. By examining the concepts of rights, constitutionalism, standing, human rights law, and eco-centric law, students will gain an understanding of the context of the RoN movement. Although a powerful rhetorical concept, implementation of RoN as a legal strategy has been challenging and has met with mixed success. Fundamental questions of “who speaks for the trees” and what obligations are conferred when rights are granted are slowly being worked out in courts and national legislatures. These questions are particularly challenging where Western and Indigenous worldviews come together. Fundamentally, this seminar will explore what it takes to recognize the inherent rights of the natural world to “exist, thrive, and evolve.” Students will be evaluated through several written assignments, class presentations, and active and meaningful participation in seminar discussions. Students will be asked to engage in a term-long research project that examines a specific RoN case study. 

Level: Intermediate/Advanced. Prerequisites: Environmental Law & Policy OR Advanced International Environmental Law Seminar OR Indigenous America. Class limit: 16.  Lab fee: None.  Meets the following degree requirements: HS.",,HS
HS4109,W28,"Waldron, Karen",The Contemporary World of Women's Novels,M/A,"This course selects from among the most interesting, diverse, and well-written of contemporary women’s novels — many from the global South and all from other countries than the US — to focus on questions of women’s writing (and how/whether it can be treated as a literary and formal category), gender identity and women’s issues, and the tensions between sameness and difference among women’s experiences, and narrations of women’s experiences, around the world. The course begins by acknowledging the historical realities that limited women’s narrative options in the publishing industry until quite recently. We will examine a relatively unknown yet rather extraordinary short novel from 1967:  Sawako Ariyoshi’s The Doctor’s Wife.  After Ariyoshi, we will read from quite varied authors published within the last fifty years, writers such as:  Buchi Emecheta, Clarice Lispector, Nawal El Saadawi, Tsitsi Dangarembga, Hanan al-Shaykh, Jeannette Winterson, Rose Tremain, Nora Okja Keller, Fadia Faqir, and Yvonne Vera. We will also read some classic and contemporary feminist literary theory to gain a sense of how feminist scholars approach women’s novels and our questions. The course is especially designed for students interested in women’s and gender issues who have had some previous experience with literary analysis, close reading of texts, and/or feminist theory. As one way to do the work of an intermediate/advanced class, each student will choose an additional author to investigate, either a novelist or theorist who has published since 2000, and read a novel or theoretical essay by this author outside of class. Students will be evaluated based on class engagement, response papers, passage analyses, a presentation to the class of the outside novel or theory and the questions it raises, and a final evaluation essay. 

Level: Intermediate/Advanced.  Prerequisite: a previous literature course and signature of the instructor. Class limit: 15. Lab fee: None. Meets the following degree requirements: HS.",,HS
HS1094,W28,"McKown, Jamie",Public Speaking Workshop,I,"Consider all the ways that public speaking could be a part of your academic and professional paths: presenting your research, sitting on a webinar panel, speaking up at ACM, advocating for an urgent cause or policy, preparing your senior project presentation, delivering a formal address at a special occasion, or even deciding to perform spoken word at an open-mic. This course will prepare you to thoughtfully analyze your audience, research and organize relevant information, and deliver the critically important, well-prepared presentation that you’re capable of.  Along the way we will be guided by, and critically analyze, three varied and sometimes contradictory premises: that it’s imperative to master the art of formal, standard presentation/speech delivery, that it’s equally important to respect and refine your own unique, authentic voice and speech communication style, and that important change happens when we both listen carefully and speak up loudly.  This class will be conducted as a workshop with an emphasis on students producing increasingly advanced speeches for public performance and/or consumption. Students will complete three graded, “formal” presentations  while also considering additional creative approaches and formats for  public communication.  Students will work with a variety of short texts and videos to generate new ideas and helpful public speaking habits.  The real benefits of this course come from the positive, supportive, environment in which students can practice new public speaking skills and learn from each other.  This class emphasizes a fun, dynamic, “hands-on” approach to constructing speeches.  Students who feel that they are less proficient in the area of public communication should not be worried that this would somehow disadvantage them in terms of their overall evaluation.  All students, regardless of their levels of comfort, experience, or and English-proficiency are encouraged to consider this course.  This workshop is designed to help you improve your public presentation skills regardless of whether you are a complete novice to public speaking, or already have many years of practice. Your final evaluation for the course will be based on your engagement with the process, not on some objective standard of who gave the best speeches. 

Level: Introductory.  Prerequisites: None.  Class limit: 14.  Lab fee: None. Meets the following degree requirements: HS.",,HS
HS1021,W28,"Cline, Ken",History of the American Conservation Movement,I,"This course provides students with an overview of the American conservation movement from the 1600s through the present.  Through an examination of historical accounts and contemporary analysis, students develop an understanding of the issues, places, value conflicts, and people who have shaped conservation and environmental policy in the United States.  They also gain an appreciation for the relationship between the conservation movement and other social and political movements.  Students should come away with a sense of the historical and cultural context of American attitudes toward nature.  We also seek to apply these lessons to policy debates currently underway in Maine.  Working from original writings, students do in-depth research on a selected historical figure. Evaluation is based on problem sets, group activities, participation, and a final paper. 

Level: Introductory. Prerequisites: none.  Class limit: 20.  Lab fee: none.  Meets the following degree requirements: HS, HY",,HS HY
HS2020,W28,"Longsworth, Gordon",GIS I: Foundations and Applications,I/M,"Ever-rising numbers of people and their impact on the Earth's finite resources could lead to disaster, not only for wildlife and ecosystems but also for human populations. As researchers gather and publish more data, GIS becomes vital to graphically revealing the inter-relationships between human actions and environmental degradation. Much of what threatens the earth and its inhabitants is placed-based. Solutions require tools to help visualize these places and prescribe solutions.  This is what GIS is about. Built on digital mapping, geography, databases, spatial analysis, and cartography, GIS works as a system to enable people to better work together using the best information possible. For these reasons, some level of competency is often expected for entry into many graduate programs and jobs, particularly in natural resources, planning and policy, and human studies. The flow of this course has two tracts, technical and applied. The course begins with training in the basics of the technology. Then, skills are applied to projects that address real-world issues. Project work composes the majority of course work and each student has the opportunity to develop their own project. Because GIS provides tools to help address many kinds of issues, GIS lends itself well to the theory of thinking globally and acting locally. Projects often utilize the extensive data library for the Acadia region developed by students since the lab was founded in 1988. The GIS Lab acts as a service provider to outside organizations and students can tap into the resources of a broad network of groups and individuals working towards a more sustainable future. Course evaluations are partially based on the on-time completion of exercises and problem sets. Most of the evaluation is based on critique of student independent final project work and related documentation.

Level: Introductory/Intermediate. Pre-requisites: Basic computer literacy. Class Limit: 10. Lab Fee: $75. Meets the following degree requirements: HS.",,HS
,W28,"Fuller, Linda",TBD,,,,
ED1016,W28,"Hill, Ken",Introduction to Adolescent Psychology,I,"This course focuses on the segment of the human life span from puberty to early adulthood.  In this class we will examine the physical, cognitive, social, and moral aspects of adolescent growth and development.  Issues to be considered include adolescent relationships (peers, family, romantic), adolescent issues (identity formation, at risk behavior, schooling, and stereotypes), and critical reflection on one's own adolescent experience. The main objectives of this course are to: 1) provide students with a working knowledge of the theories of psychology which pertain to early adolescent development; 2) help students develop the ability to critically analyze information and common assumptions about the development of adolescents; 3) consider contemporary issues and concerns of the field; and 4) to afford students the opportunity to explore their own adolescent development.  Course work entails lecture, discussion, extensive case analysis, and a field component.

Level: Introductory. Prerequisite: None. Class limit: 15. Meets the following degree requirements: HS ED",,HS ED
,W28,"Robbins, Dani",TBD,,,,
AD4061,W28,"Baker, Jodi",Music Theatre Production,M/A,"In this three-credit course, students will collectively research, rehearse, and produce an established work of music theatre in collaboration with two or more faculty and/or guest artists. This course provides practical experience in methods and processes useful in building a working creative ensemble. The number of students enrolled in the course varies depending on the demands of the project. Students with any or no experience are welcome, but priority is based on seniority and/or specific academic investment in the given project, process, or subject matter. Information about the specific project will be shared in the term preceding, and in most cases, all assignments (cast and crew) will be made before registration through an application and interview process. Those interested in aspects of production other than acting and music (set design, light and sound design, stage management, dramaturgy, etc.) are especially encouraged to apply. This intensive process will result in a run of public performances near the end of the term. The course counts for three full credits and requires a significant time commitment. The class meets most weekdays, for extended hours, and those enrolled must be available for a certain amount of additional collaborative work (extra rehearsals, construction and tech work, plus final performance dates and strike). A production schedule will be available by the first week of the term the course is offered. Evaluation is based on demonstrated commitment to the process and a final reflective paper based on the experience. Because the material and pedagogical focus of the course changes with each successive rendition, students may receive credit for this course more than once. Default grading for this course is Credit/No Credit.

Level: Intermediate/Advanced. Prerequisites: None. Class limit: 12. Lab fee: $150. Meets the following degree requirements: ADS.",,ADS
AD-New,W28,"Clinger, Catherine",Art and Indigeneity,,,,
AD4019,W28,"Clinger, Catherine",Studio Printmaking,M/A,"Printmaking is the process of transferring an image from one surface to another.  A print mirrors the surface whence it came and also performs as a reflection of the physical and/or immaterial realms of objects and ideas.  Representing concepts clearly in any medium requires an artist to engage in thoughtful collaboration with materials in order to realize the potential of form as a means of expression.  This studio course will explore ways to address this aesthetic challenge through printmaking.  Students will acquire basic skills as printmakers with an emphasis on relief (woodcut and linocut) and intaglio (line etching, engraving and aquatint) techniques.  They will also develop a broad understanding of the history of prints; how they have functioned to communicate, document, and transmit information through images on paper.  Students will be evaluated on their projects, participation in critiques, level of engagement with materials, ability to work in a collaborative studio, and final project. 

Level: Intermediate/Advanced.  Prerequisite: Permission of the instructor, Introduction to Arts and Design, and a drawing class.  Class limit: 8. Lab fee: $200.  Meets the following degree requirements: ADS",,ADS
AD4058,W28,"Ferrari, Melissa",Devices of Wonder: Moving Pictures,M/A,"Exploring what Athanasius Kircher referred to as “The Great Art of Light and Shadow,” this course will traverse a variety of early optical devices that create the illusion of moving pictures. Focusing on inventions from the 12th to 19th centuries, we will study objects such as camera obscuras, magic lanterns, moving panoramas, Pepper’s Ghosts, and stroboscopic animation devices like zoetropes. While often considered precursors to cinema, the histories of these technologies extend beyond film to the realms of science, philosophy, theater, ritual magic, and illusion. Through screenings and readings, we will discuss how spirituality, scientific experimentation, industrialization, and capitalism shaped the invention, spectacle, and social contexts of these devices. With a perspective rooted in media archaeology, the course will trace lineages between antiquated instruments and modern technologies, highlighting concepts like stereoscopy, illumination, projection, phantasmagoria, and animation. Lectures will also feature contemporary artists and filmmakers who create works inspired by these historical apparatuses. Students will experience the wonder of these technologies through hands-on workshops and assignments in which they will recreate several devices. The course will culminate in two larger projects where students will make artwork, film, or performance based on the objects, histories, and concepts discussed in class.

Students will be evaluated on their successful completion of workshops and projects, critical engagement with reading/screening materials, and thoughtful participation in class discussions.

Level: Intermediate/Advanced. Prerequisites: Previous experience in film, animation, photography, or film studies is recommended but not required. Class limit: 12. Lab fee: $70. Meets the following degree requirements: ADS.",,ADS
AD4061,W28,"Henderson, Jonathan",Music Theatre Production,M/A,"In this three-credit course, students will collectively research, rehearse, and produce an established work of music theatre in collaboration with two or more faculty and/or guest artists. This course provides practical experience in methods and processes useful in building a working creative ensemble. The number of students enrolled in the course varies depending on the demands of the project. Students with any or no experience are welcome, but priority is based on seniority and/or specific academic investment in the given project, process, or subject matter. Information about the specific project will be shared in the term preceding, and in most cases, all assignments (cast and crew) will be made before registration through an application and interview process. Those interested in aspects of production other than acting and music (set design, light and sound design, stage management, dramaturgy, etc.) are especially encouraged to apply. This intensive process will result in a run of public performances near the end of the term. The course counts for three full credits and requires a significant time commitment. The class meets most weekdays, for extended hours, and those enrolled must be available for a certain amount of additional collaborative work (extra rehearsals, construction and tech work, plus final performance dates and strike). A production schedule will be available by the first week of the term the course is offered. Evaluation is based on demonstrated commitment to the process and a final reflective paper based on the experience. Because the material and pedagogical focus of the course changes with each successive rendition, students may receive credit for this course more than once. Default grading for this course is Credit/No Credit.

Level: Intermediate/Advanced. Prerequisites: None. Class limit: 12. Lab fee: $150. Meets the following degree requirements: ADS.",,ADS
AD1081,W28,"Ialeggio, Anna",Sci-Fi & Sculpture: World-Building as Art Practice,I,"What do science fiction and sculptural installations have in common? The manifestation of momentary, immersive, and provocative new worlds! In this hybrid studio/seminar class, we will move between readings of ecologically-themed science fiction, environmental nonfiction, poetry, and theory, alongside the practice of making together in real time and place. Several short, open-ended individual prompts will lead us gradually towards a large-scale, immersive installation at the end of the term—the theme, location and manifestation of which we will develop as a collective. Sculptural materials that we’ll work with together will include textiles, paper mache, and cardboard. In addition, students will be investigating and sharing techniques to bring to the class throughout the term. Readings may include but are not limited to: Ursula K Le Guin, Hakim Bey, N.K. Jemisen, Octavia Butler, Kim Stanley Robinson, Cixin Liu, Barry Lopez, Tracy Rosenthal, Anna Tsing, Jakob Von Uexküll, and Donna Haraway. World-building visual artists that we’ll look to may include but are not limited to: Adrián Villar Rojas, Cecilia Vicuña, Jennifer Moon, Cannupa Hanska Luger, Candace Lin, Mel Chin, Agnes Denis, and Joan Jonas. Depending on the season, we may make site visits relating to our developing themes.

Evaluation will be based on participation in class activities (exercises, presentations, readings, discussions, occasional writing and/or drawing prompts), significant studio time outside of class, timely completion of all projects with corresponding group critique sessions, and contributions towards a collective practice. A sketchbook is required.

Level: Introductory. Prerequisites: None. Class limit: 12.  Lab fee: $60. Meets the following degree requirements: ADS.",,ADS
AD1084,W28,"Ialeggio, Anna",Wheel-thrown Pottery,I,"The potter’s wheel can be traced back to the ancient Sumerians, as early as 3,250 B.C.E. With that as our starting point, this introductory studio focuses on vessel-making techniques and traditions through intensive training on the wheel. It is designed for students to develop a unique spatial and material language in clay, grounded in the possibilities and limitations of radial symmetry. A series of technical assignments will build skill, prompt creative problem-solving, introduce basic physical and chemical ceramic processes, and explore form and function through various human ecological frameworks. As always, we make our own clay and keep the studio clean together.

Evaluation is based on participation in class activities (exercises, presentations, readings, discussions, occasional writing and/or drawing prompts), significant studio time outside of class, timely completion of all projects with corresponding group critique sessions, and consistent involvement with studio maintenance. A sketchbook is required.

Level: Introductory. Prerequisites: None. Class limit: 12. Lab fee: $120. Meets the following degree requirements: ADS.",,ADS
AD2049,W28,"Ferrari, Melissa",Stop Motion Animation,I/M,"Stop motion explores the wondrous process of transforming everyday objects, artifacts, and static puppets into living, breathing entities through frame-by-frame animation. In this course, students will learn strategies to conjure the illusion of motion and imbue objects with meaning, emotion, and perhaps a sense of uncanniness. The beginning of this course will introduce students to a variety of handmade animation techniques, including found object, claymation, and archival collage. From there, our focus will shift to armatured puppets, where students will learn basic fabrication techniques and make a short puppet film. Throughout the course, we’ll embrace the tactility, materiality, and handmade imperfections inherent to stop motion, while discussing formal considerations of working in miniature, including practical lighting. Screenings by historical and contemporary stop motion artists will allow us to explore stop motion’s vast potential across nonfiction, avant-garde, scientific, auteur, and fine art filmmaking. Ultimately, students will be able to use stop motion animation to create meaningful moving-image works. Technical instruction will include a basic introduction to Dragonframe animation software and Adobe Premiere for editing, as well as methods for crafting compelling, dynamic animation.

Students will be evaluated on their successful completion of assignments and films, critical engagement with readings and screenings, thoughtful participation in class discussions, and file management.

Level: Introductory/Intermediate. Prerequisites: Previous experience in art, film, photography, or animation is recommended but not required. Class limit: 12. Lab fee: $70. Meets the following degree requirements: ADS.",,ADS
,W28,"Sebastian, Neeraj",SABBATICAL,,,,
,W28,"Soares, Zach",Entry Point: TBD,,,,
,W28,"Feldman, David",TBD,,,,
ES2050,W28,"Gadeken, Kara",Deep Sea Biology,I/M,"Most of the ocean is deep, dark, and cold – conditions that at first glance appear terribly inhospitable. And yet the past century and a half of deep-ocean exploration has revealed an astonishing abundance and diversity of life, with forms and functions that, though seemingly alien, reflect exquisite adaptation to the unique challenges of surviving in such an environment. Our expanding knowledge about the deep ocean is only possible with the boundary-pushing technologies and instruments developed to delve deeper, see further, and collect more from the most remote depths. As we have learned more about the ecosystems in the deep ocean, it has also become clear that human activities are not so removed from them as we once believed. Discussions about deep ocean biology now include debates about our obligation to protect and conserve it.

In this course, we will take a tour of the variety of life that exists in the deep ocean, learn about how we observe and study it, and discuss the ways that humans interact with and affect it. Our guiding questions for the course are:

What kinds of life exist in different deep ocean ecosystems?
How are deep sea organisms adapted to life in an environment of extremes?
What technologies are used to study life in the deep ocean and what are their capabilities and constraints?
What do we owe to life in the deep ocean in terms of conservation?
What do we owe to human society in terms of deep-ocean exploration, discovery, and resource use?

We meet twice a week in class and have one afternoon lab period. Classes are a combination of lecture, discussion and activities, and labs focus on one or two elements of deep-sea biology for deeper investigation as a group. This course is open to anyone but is particularly suited for students interested in marine studies, ecology, evolutionary biology, and/or environmental ethics. Students will be assessed based on short research assignments throughout the course and a term project. 

Level: Introductory/Intermediate. Prerequisites: None.  Class limit: 14.  Lab fee: None.  Meets the following degree requirements: ES.",,ES
ES2012,W28,"Todd, Sean",Introduction to Statistics and Research Design,I/M,"This course introduces the basics of statistical analysis that can be used in either a scientific or a social science frame of reference.  While this course teaches you to perform both nonparametric and simple parametric analysis both by hand and computer, an emphasis will be placed on understanding the principles and assumptions of each test, rather than mathematical ability per se.  We will also learn how to report statistical results in journal format, and there will be plenty of lab time to sharpen skills.  Evaluation is based on lab participation, three quizzes, and a team project.  

Level: Introductory/Intermediate.  Prerequisites:  A college mathematics course, or signature of the instructor.  Class limit: 12.  Lab fee: $40. Meets the following degree requirements: QR.",,QR
,W28,"Gibson, David",[no classes],,,,
ES1042,W28,"Hall, Sarah",Geology and Humanity,I,"In this course we will explore how geology has played a major role in human history and culture over multiple temporal and spatial scales. We will discuss underlying geological processes forming and influencing our environment and how this relates to human migration and settlement patterns, political boundaries, geohazards, resources, the modern landscape, and agriculture. This course will appeal to students interested in exploring connections between geology and other subject areas, or who are curious about humanity’s place in geologic time. This course will implement readings from a range of sources: geologic textbooks, excerpts from short historical texts, and scientific journal articles. We will use class time in a variety of ways: lecture-based, seminar-style discussion, and laboratories spent visiting local field sites. Students will be evaluated based on their performance on weekly problem sets or writing assignments, a midterm quiz, as well as a term project with both oral and written presentation components.

Level: Introductory.  Prerequisites: none.  Class limit: 16.  Lab fee: none. Meets the following degree requirements: ES",,ES
ES3076,W28,"Letcher, Susan",Restoration Ecology,M,"The Society for Ecological Restoration defines ecological restoration as “the process of assisting the recovery of an ecosystem that has been degraded, damaged, or destroyed.” In this era of widespread environmental degradation, restoration ecology provides an important set of methods for mitigating anthropogenic damage. However, the science of restoration is still in its early phases, and important theoretical and practical questions remain to be resolved. This class will critically examine the assumptions that underlie restoration planning, both in the ethical dimension and in the realm of scientific theory. We will consider the validity of conceptual models of ecological communities and ecosystems and the way that these models shape decision-making. We will survey the factors that must be taken into account during restoration and study best-practices approaches, with a focus on adaptive management. In the final project, groups of students will develop and present restoration plans for a local site. Students will be evaluated based on two essays, class participation, and the final project.

Level: Intermediate.  Prerequisites: Any of a number of courses including Biology: Form and Function, Trees and Shrubs, Ecology, Weed Ecology, or Landscape Architecture Design Studio.  Class limit: 20.  Lab fee: none.  Meets the following degree requirements: ES",,ES
ES1081,W28,"Letcher, Susan",Plants and People: Economic Botany,I,"This class offers an introduction to plant biology centered around plants that are useful to human societies. We will explore plant anatomy, physiology, evolution, and ecology through case studies involving plants that are useful to humans. Through lectures, readings, and discussions, students will gain a rich understanding of how plants function and how human societies depend on them in myriad ways. We will cover universal and familiar uses of plants such as food, building materials, and textiles, as well as less widely practiced uses including arrow poisons, lacquers, and living fences. We will discuss the origins of agriculture and methods of plant breeding, as well as the biogeographical history of important cultivated plant lineages. The focus will be on plants and our uses for them, but we will also discuss ethical concerns surrounding practices like bioprospecting and ex situ conservation. Students will be evaluated on participation and the successful completion of two presentations and a research paper.

Level: Introductory.  Prerequisites: None. Class Limit: 20. Lab fee: none. Meets the following degree requirements: ES",,ES
ES1092,W28,"Slabach, Brittany",Collecting Nature: Exploration of Scientific Collection,I,"Natural history collections are important artifacts that provide pivotal information on the past, present, and future of our natural world. They document species ecology and distribution, changes in aspects of phenotypes, and aid in conservation initiatives. Collections have tremendous value in understanding and documenting our natural and cultural world. Yet their history, and the practice of scientific collecting, is muddled with bias, controversy, and colonial practices. Through discussion and practice, we will explore the science and art of scientific collecting, preparing, and caring for specimens (plant and animal). We will discuss the history of scientific collections, and collection practices, and consider their role and value. We will visit natural history museums, their collections, and the curators that care for them. Thus, there are two required field trips, including one overnight. We will also practice the art of specimen preparation and care, learning different preparation and cataloging techniques. This class is open to anyone with any interest or curiosity about natural history museums, collections or scientific collecting. It is recommended for students interested in museology techniques or those interested in pursuing careers in museum studies. Assessments include written responses to weekly prompts, discussion participation, written essays, and a term project.

Level: Introductory. Prerequisites: None. Class limit: 11.  Lab fee: $175.  Meets the following degree requirements: ES.",,ES
,W28,"Muller, Brook",TBD,,,,
HS1075,S28,"Lakey, Heather",Animals and Ethics,I,"What are our moral obligations to other animals? Should non-human animals have legal rights and moral standing? If so, on what basis? How does the moral treatment of animals change across the contexts of food, research, captivity, and the home? Historically, western philosophers construct the animal in opposition to the human. Why? What is an “animal” and why is the “human” contrasted with it? How does language shape and produce our relationships with animals? How is the animal represented and characterized, and how does this representation impact our thinking about animal ethics?

This discussion-based course explores the relationships between humans and non-human animals. Drawing on fiction, philosophy, and ethology, we will examine our beliefs and assumptions regarding animals, human-animal relations, and the ethical implications of the human-animal binary. This course will focus on a wide range of theoretical approaches, including the traditions of animal liberation and animal rights as articulated by thinkers such as Tom Regan and Peter Singer, the growing field of animal studies as represented by thinkers like Jacques Derrida, and current debates in practical ethics, such as animal experimentation, hunting, and invasive species.

Upon completion of the course, students will have refined their understanding of the concept of the animal and they will be familiar with the key legal and ethical debates regarding human-animal relationships. Course requirements include class discussions, weekly writing exercises, a midterm exam, and a final paper or project. Students should come to this class prepared to read challenging philosophical essays and to share their ideas with others.

Level: Introductory.  Prerequisites: None.  Class limit: 12.  Lab fee: None.  Meets the following degree requirements: HS",,HS
HS1097,S28,"Lakey, Heather",Buddhist Philosophies,I,"What is the nature of self? What is the nature of mind? Why do we suffer? What is enlightenment? This course introduces students to the foundations of Buddhist philosophy and practice. Buddhism encompasses a variety of different traditions, teachings, practices, and goals. In this class, we will adopt a philosophical perspective to explore a range of Buddhist thinking on topics such as reality, consciousness, nothingness, and ethical conduct. 

We will begin by reading Asvagho?a's Buddhacarita, which tells the story of Siddhartha Gautama, the historical Buddha. Next, we will study the Theravada, Buddhism's foundational structure, and then proceed to explore the later Mahayana teachings. This course will study primary literature, including excerpts from the Pali Canon and several Mahayana sutras, alongside selections from contemporary thinkers such as Thích Nhat Hanh, angel Kyodo williams, and Pema Chödrön. Along the way, we will discuss suffering (dukkha), emptiness (suññata), impermanence (anicca), non-self (anatta), interdependence or dependent uprising (pa?iccasamuppada), desire (tanha), the four noble truths, the eightfold path, liberation and enlightenment (nibbana), action and causation (kamma), wisdom (pañña), compassion (karuna and bodhicitta), and our responsibilities to other beings. 

Although this course primarily focuses on Buddhist theory and Buddhist texts, students will be briefly introduced to different meditation and mindfulness practices through a series of guest speakers and a weekend visit to the Morgan Bay Zendo in Surry, Maine. This course will be conducted in seminar style with an emphasis on class participation. No prior background in Buddhism or philosophy is required. Course requirements include class participation, weekly writing assignments, a midterm essay, and a final project.

Level: Introductory. Prerequisites: None.  Class limit: 12. Lab fee: None. Meets the following degree requirements: HS.",,HS
HS3123,S28,"Khor, Su Yin","Research for change: Writing, language, socialjustice",M,"We face many day-to-day issues, such as climate change, discrimination, economic challenges, and an increase in disinformation. To solve these problems, we typically address flawed policies and practices. However, what is often overlooked is the role that writing and language play in maintaining—but also transforming—these structures. How do writing and language intersect with social (in)justice? And why does this matter to us as we try to solve social issues?

In this class, we will examine how social issues intersect with writing and you will develop an understanding of the role of language and discourse in social life. Topics include—but are not limited to— language and discrimination, language and gender, and diversity in language. To learn more about different social issues, we will conduct research, analyze discourse, and engage critically with information. While information is readily available, there has also been a significant growth in disinformation. How and where can we find trustworthy information about a social issue in an ocean of (dis)information? This course will help you refine your research practices and you will learn how to navigate and evaluate information.

For this course, a basic understanding of citation practices, how to navigate style guides, and an interest in analyzing discourse will be beneficial. Class activities are discussion-based and guided by readings on topics related to linguistics and discourse. You will participate in hands-on activities to sharpen your research skills and ability to locate and evaluate information. You will also be introduced to the basics of discourse analysis. Assignments are based on research on a social issue that matters to you. In-class activities and assignments are used to assess your learning, research practices, and understanding of the role that writing and language play in maintaining social (in)justice.

Level: Intermediate. Prerequisites: None.  Class limit: 12.  Lab fee: None.  Meets the following degree requirements: HS, W.",,W HS
,S28,"Cline, Ken",The Ages of Water -- in France,,,,
HS2121,S28,"Donovan, Martha","Writing as Art, Craft, and Social Change",I/M,"We write to discover what awes us, what questions we most need to ask, what conversations we hope to join, what causes we are drawn to support, what convictions we want to voice, and what ways we can write the world anew. Writing is both an art and a social action that can change us and our audiences. That is the province of this course.

We will read and analyze various forms of writing (genres) on a broad range of social and policy issues, such as the value of wonder, the importance of antiracist work, the need for accessibility policies on college campuses, and other issues. We will consider the craft, context, audience, purpose, and possibilities of these texts as guides for our own writing. We will focus on the possibilities of the written and spoken word; the power of our distinct and unique voices; the importance of taking risks in our thinking and writing; the messiness, urgency, and necessity of the writing process; and the value of intellectual inquiry and the seamless integration and documentation of researched material. 

Students will address current issues of pressing concern and personal relevance in their own writing in three different selected genres (e.g., reflective essay, commentary, letter to editor, Commencement speech, testimony, proposal, open letter, personal statement, etc.). Students will examine and develop strategies for writing with curiosity, clarity, complexity, creativity, courage, and compassion as they invite their audience to consider their ideas and invitations/calls to action. Students will write about issues that matter to them, ones of interest to a local (Mount Desert Island or home town), state (Maine or home state), and/or national audience.

Classwork will include various analytical, generative, and collaborative exercises designed to help with matters of language, craft, technique, and rhetorical awareness. Students will write for a public audience and participate in active engagement with each other’s work.

Authors (representing a range of genres and topics) will likely include Annie Dillard, Rachel Carson, Barry Lopez, David Whyte, Margaret Renkl, Toni Morrison, Martin Luther King Jr., Terry Tempest Williams, and others. Students will also select a longer text to read from a list of authors that may include Jonathan Safran Foer, Susan Cain, Felicia Rose Chavez, Claudia Rankine, and others.

Students will be evaluated on class participation, written assignments, writing process, and presentations. 

Level: Introductory/Intermediate. Prerequisites: None.  Class limit: 12.  Lab fee: None.  Meets the following degree requirements: W, HS.",,W HS
HS6012,S28,"Cox, Gray",Learning a Language on Your Own,,"The goal of this course to help each student design and implement an effective learning program for the study of a language of her choice at whatever level of learning she is currently at.  A very wide variety of  general strategies, resources and practical advice for independent language learning are reviewed in  weekly class sessions along with progress and reflection reports from each student that can help guide and motivate independent work. The core common text for this work will be Betty Lou Leaver, Madeline Ehrman and Boris Shekhtman’s ""Achieving Success in Second Language Acquisition"".  The primary focus of the class is on the development and implementation of each student’s individually designed plan for learning a language of their choice.  Materials for this will be identified by each student as part of their work on their chosen language. Progress in these plans are discussed in one on one weekly meetings with the teacher.  Plans may include the use of software, peer tutors, Skype, videos, standard texts, flash cards, specialized technical material, music, visual art, field trips, and a wide variety of other materials as appropriate.  Evaluation will be based on the clarity, coherence and effectiveness of the student’s developed plan and the discipline with which they actually pursue it and revise it appropriately as the term progresses. Students will be asked to meet with the instructor prior to the start of the term to discuss their motivation, aims, possible resources and possible plans for language learning after the course is over.  

Level: Variable.  Prerequisites: Permission of the instructor.  Class limit: 10.  Lab fee: $35. Meets the following degree requirements: HS.",,HS
,S28,"Collum, Kourtney",[no classes],,,,
MD3016,S28,"Little-Siebold, Todd","Origins: History, Genetics, and Memory",M,"Families are a touchstone of many people’s identity, and stories about where we come from and who came before us are often key ways of orienting ourselves and understanding who we are. Storytelling, documentary and photographic collections, and other methods of preserving memories serve as the very concrete ways that many of us come to learn about our immediate family and our ancestors. New techniques of genetic testing provide a method that can contribute to that understanding and in some cases fill in blanks left about ancestors and provide a new source of stories in addition to those passed along from generation to generation. Recreational DNA testing can also provoke discussion about how to make sense of the genetic stories revealed and how they mesh with or challenge people’s sense of themselves. This class will explore the traditional methods of collecting family histories (oral history, genealogical research) and recreational genetic testing as a point of entry into complex issues around history, memory, ethics, race and the role of new technologies. Students will learn the basic skills of doing genealogical research as well as develop an understanding of the strengths and limitations of human genetic testing, which can reveal our shared history as well as our differences. Evaluation will be based on class participation, short assignments, and a final project. The expectations surrounding the final project explain why this course is designated as intermediate even though there are no specific pre-requisites. Students will be expected to conceptualize, plan and carry out their own projects, and they will be evaluated on their ability to self-direct, seek feedback and complete those projects. This class is appropriate for a wide range of students with diverse interests concerning identity and history.

Level: Intermediate. Prerequisite: None. Class limit: 15. Lab fee: None. Meets the following degree requirements: None.",,
,S28,"Friedlander, Jay",TBD,,,,
,S28,"Little-Siebold, Todd",OR [no courses],,,,
HS2120,S28,"Van Vliet, Netta",Marx and Marxism,I/M,"This course is an introduction to the work of Karl Marx and to some of the ways his work has been taken up across a range of disciplines, interdisciplinary fields, and political projects. We will pay particular attention to his thinking about the relation between theory and praxis, and to his notions of capital, value, money, commodity, labour, ideology, alienation, internationalism and class struggle. In addition to reading Marx’s own writings, we will also read work in postcolonial studies, feminist theory, cultural anthropology, racial capitalism, Black Studies and philosophy that engages with Marx’s thinking. In addition to Karl Marx and Friedrich Engels, authors will likely include Louis Althusser, Charisse Burden-Stelly, Frantz Fanon, Silvia Federici, Antonio Gramsci, David Harvey, C.L.R. James, Ranjana Khanna, Rosa Luxemburg, Catherine MacKinnon, Adam Smith, and Gayatri Spivak. We will examine the implications of Marxist analyses for questions of political and structural change, critiques of capitalism and analyses of its relation to racialised and gendered dynamics of power. In addition to academic texts, course materials will draw on films, news publications, and contemporary examples of political-economic challenges. Students will be evaluated based on class participation, weekly reading responses, collaborative small group and individual projects.

Level: Introductory/Intermediate. Prerequisites: None.  Class limit: 15.  Lab fee: None.  Meets the following degree requirements: HS.",,HS
HS2101,S28,"Mahoney, Dan",Latin American Literature: Border Stories,I/M,"Since 1848, the border between the United States of America and Mexico has posed a cultural enigma. The literature of the people inhabiting this area reflects the diverse and complex society that has evolved over a period spanning almost 200 years. We will begin by reading selections from Neil Foley’s Mexicans in the Making of America and Gloria Anzaldúa’s Borderlands/La Frontera in order to locate ourselves geographically. We will then read a variety of contemporary Mexican and Latinx writers, whose work confronts the border from different perspectives and literary genres which may include: Octavio Paz, Ada Limón, Natalie Scenters-Zapico, Yuri Herrera, Carlos Fuentes, Tomás Rivera, Gloria Anzaldúa, Valera Luiselli, and Jeanine Cummins. We will also consider film (Chulas Fronteras, Espaldas mojadas, Backyard/El traspatio, Sin Nombre, A Touch of Evil) and music from the borderlands to aid in our study of this complex area of the world. Evaluation will be based on engagement with the materials and discussion, weekly written responses, a midterm essay and a final project. 

Level: Introductory/Intermediate. Prerequisites: None.  Class Limit: 15.  Lab fee: none.  Meets the following degree requirements: HS",,HS
HS5064,S28,"McKown, Jamie",Voting and Elections: Case Studies,A,"This course will be an in depth exploration of contemporary flashpoint issues involving the design, administration, and regulation of elections for public office in the United States. We will take up a series of case studies by examining their history, the stakeholders involved, and the pros and cons of the relevant alternative reform measures that have been proposed. Topics covered in a given term will vary based on changing external factors such as the timing of elections as well as student interests. Students enrolling in the class should expect to be contacted by the instructor prior to the start of the term to discuss areas of interest. Likely areas that may be covered include: campaign finance reform, gerrymandering, instant runoff voting, election technologies, voter suppression, alternative governmental models, the electoral college, party primaries, campaign communication regulation, government funding of elections, nationalization of election standards, etc..  This advanced seminar will emphasize collaborative work, discussion, and debate. We will ground our work as a group in tangible solutions that address existing problems in how elections are conducted in the United States. While the emphasis of the class will be on the US context, we will often draw on international case studies as comparative reference points to assist in evaluating possible policy alternatives.   While familiarity with the US political system is not a requirement for this class, students should have completed some previous coursework in areas related to law, policy, government, or politics (domestic or international).  Students will be evaluated based on their participation and engagement with class discussion, various short in-class presentations, short form individual response papers, and a longer form longer form project due at the end of the term.

Level: Advanced. Prerequisites: None. Class limit: 12. Lab fee: None. Meets the following degree requirements: HS.",,HS
HS3032,S28,"McKown, Jamie",Cold War: Early Years,M,"This course provides a broad historical overview of the early years of the “Cold War” period that shaped global politics generally and American foreign policy specifically. Beginning in the 1940’s and leading up to Richard Nixon's election in 1968 we will examine the diplomatic relationship between the United States and the Soviet Union and how this relationship has impacted state actors, economic policies, cultural production, and conceptions of identity. While there will be a heavy focus on traditional state-level diplomatic history, students will also explore a broad array of methodological approaches. Class sessions will include a mix of traditional lecture formats, class discussion, and outside presentations. An evening lab is scheduled in order to screen a variety of cultural artifacts from the various periods we will cover. The primary goal is to give students an intensive 10-week crash course into key events, concepts, figures, etc.. that defined the early decades of Cold War diplomacy. At the same time there is also time allocated for students to explore their own independent research interests. Given the far-reaching force of Cold War politics into everyday life, individuals with widely varying academic interests will find the course informative and productive. Evaluation will be based on a mix of class participation, individual research assignments, and exams. All students, regardless of their backgrounds, previous coursework, or interests are welcome. 

Level: Intermediate. Prerequisites: None. Class limit: 20. Lab fee: none. Meets the following degree requirements: HY HS",,HS HY
HS-New,S28,"Nguyen, Hien",Applied Statistics for Social Research,,,,
,S28,"Stabinsky, Doreen",[no classes],,,,
HS2116,S28,"Taneja, Palak",Postcolonial Shakespeares OR New: Graphic Narratives,I/M,"In her introduction to Post-colonial Shakespeares, Ania Loomba says, “Shakespeare lived and wrote at a time when English mercantile and colonial enterprises were just germinating.” The star of Shakespeare and colonialism rose at the same time, making Shakespeare’s work a symbol of colonial supremacy. As such, you cannot be a literature student without encountering Shakespeare; the canon has made sure of that. While those who loved the Empire see Shakespeare as an exemplar of English ideals, anti and post-colonial theorists and artists beg to differ.

Therefore, this course will be an introduction to some such theorists and artists. We will read Shakespeare’s plays like Othello, The Tempest, and others from among the following—Macbeth, Hamlet, King Lear, A Midsummer Night’s Dream, Much Ado About Nothing—with an eye toward postcolonial interpretations, thinking about the issues of race, power, hierarchy, and others. We will also spend some time exploring adaptations of his work that come from Asia, Africa, and other parts of the world, providing new avenues of postcoloniality.

You will be evaluated on class participation, short papers, an oral presentation, and a final project. In addition, you will be required to attend at least four of the weekly screenings, and you’ll receive extra credit for attending more.

Level: Introductory/Intermediate. Prerequisites: None. Class limit: 15. Lab fee: None. Meets the following degree requirements: HS.",,HS
HS2132,S28,"Tsygankova, Valeria",How Writing Works: Looking Under the Hood,I/M,"So much about writing can feel mystifying when you arrive at college and your writing universe suddenly expands. You might find that the writing “rules” you once learned don’t always apply. A writing strategy you once swore by might stop working. You’ve thought of yourself as a “good writer,” but now that you need to write unfamiliar genres (legal briefs, policy memos, business proposals…), you no longer feel confident. You might experience writer’s block. Picturing writers you admire, who seem to turn out great stories, podcasts, and research articles with ease, you might start to suspect that, after all, you’re a “bad writer.” But what actually happens when expert writers write? How do they become experts? How does anyone progress as a writer? It might feel like the answer to all of these questions is innate genius, or magic, but composition researchers, who study writing, find that development is actually a product of specific practices, dispositions, and acquired knowledge. Many of their findings are counterintuitive and surprising; in one study of undergraduate writers, for instance, those who felt less confident when asked to write in an unfamiliar genre were ultimately more effective than those who felt more confident. (So much for low confidence equating to bad writing). This writing course is an opportunity to get to know the research on writing development, to test out its findings, and to chip away at some disempowering beliefs about writing. Students will experiment with practices that experienced writers use to cope with the complexity and difficulty of writing; they’ll try out strategies that help people write new genres; they’ll get to know themselves better as writers by investigating what works for them and why. In addition to reading the research, students will carry out composition research of their own, adding to our existing body of knowledge and learning transferable research skills that they can draw on in other classes and contexts. Students will be evaluated on this final research project, a shorter metacognition assignment analyzing their own writing processes, and the completion of low-stakes reading and writing assignments that build up to each of these projects. This course welcomes students with no background in rhetoric and composition, as well as students looking to expand on prior knowledge, for instance those who have taken Methods of Tutoring Writing.

Level: Introductory./Intermediate Prerequisites: None.  Class limit: 12.  Lab fee: None.  Meets the following degree requirements: HS, W.",,W HS
HS4101,S28,"Turok, Katharine","Troubadours, Nuns, Concubines, and Witches",M/A,"This course traces variations in the social, legal, political, and economic status of women in Asia, Africa, and Europe from antiquity to about 1500. Students will examine letters, diaries, songs, artwork and artifacts, court documents, poems, essays, and fiction primarily by and about women. Students will also consider such questions as: Why and to what extent did women in some parts of the world—China, southern India, Japan, Catalonia—experience relative freedom? What were women’s attitudes toward sexuality, men, children, religion, love, work, magic, and education? How was gender negotiated, with female identity in girlhood, adolescence, and adulthood established or modified, within various sociocultural contexts? What were the achievements and accomplishments of women during these early periods, whether they managed households and property; wandered the land as minstrels; practiced medicine; worked at court, in the religious life, in the visual and performing arts, or as political leaders such as pharaohs, priests, and emperors. Students will be evaluated on the basis of class participation, two short papers, and one substantial essay.

Level: Intermediate/Advanced. Prerequisites: None. Class limit: 15  Lab fee: None.  Meets the following degree requirements: HS.",,HS
,S28,"Turok, Katharine",or TBD,,,,
HS5043,S28,"Hill, Ken",Introduction to the Counseling Process,A,"This is intended as a survey course that will overview the contemporary theories, issues, and techniques of professional counseling.  In brief, topics to be considered in this course include; a) legal and ethical responsibilities associated with professional counseling); b) assessments of differing therapeutic approaches (theories and techniques) to the counseling process; and c) reflection on the changing perspectives and practices in counseling including pluralism and diversity models.  Students will begin to develop their own perspective of counseling through lectures and discussion, demonstrations, guest speakers, case  studies, mock counseling sessions, reading, and writing papers.  Experiential learning, through mock counseling sessions, with feedback from classmates and the instructor, will be stressed.   Evaluation will be based on written assignments, class participation, and independent research.

Level: Advanced. Prerequisites: A least one psychology course. Class limit: 12. Lab fee: None. Meets the following resource area requirements: HS.",,HS
HS2020,S28,"Longsworth, Gordon",GIS I: Foundations and Applications,I/M,"Ever-rising numbers of people and their impact on the Earth's finite resources could lead to disaster, not only for wildlife and ecosystems but also for human populations. As researchers gather and publish more data, GIS becomes vital to graphically revealing the inter-relationships between human actions and environmental degradation. Much of what threatens the earth and its inhabitants is placed-based. Solutions require tools to help visualize these places and prescribe solutions.  This is what GIS is about. Built on digital mapping, geography, databases, spatial analysis, and cartography, GIS works as a system to enable people to better work together using the best information possible. For these reasons, some level of competency is often expected for entry into many graduate programs and jobs, particularly in natural resources, planning and policy, and human studies. The flow of this course has two tracts, technical and applied. The course begins with training in the basics of the technology. Then, skills are applied to projects that address real-world issues. Project work composes the majority of course work and each student has the opportunity to develop their own project. Because GIS provides tools to help address many kinds of issues, GIS lends itself well to the theory of thinking globally and acting locally. Projects often utilize the extensive data library for the Acadia region developed by students since the lab was founded in 1988. The GIS Lab acts as a service provider to outside organizations and students can tap into the resources of a broad network of groups and individuals working towards a more sustainable future. Course evaluations are partially based on the on-time completion of exercises and problem sets. Most of the evaluation is based on critique of student independent final project work and related documentation.

Level: Introductory/Intermediate. Pre-requisites: Basic computer literacy. Class Limit: 10. Lab Fee: $75. Meets the following degree requirements: HS.",,HS
,S28,"Fuller, Linda",TBD,,,,
ES2046,S28,"Feldman, David",Physcis II: Modern Physics,I/M,"What are relativity and quantum mechanics, and why were they viewed as revolutionary when they were formulated in the early 1900s? How and why does relativity and quantum mechanics compel us to discard commonsense ideas about the nature of the physical world that are part of classical mechanics?  Why is there not agreement on how to interpret quantum mechanics, and why does quantum mechanics even need interpretation? This version of Physics II covers Einstein's theory of special relativity and selected topics in quantum mechanics, and is designed to introduce students to some of the formalism and central results of relativity and quantum mechanics, so that they can formulate scientifically grounded answers to the above questions. Throughout the course we will start with first principles and carefully build toward key results, allowing students to see how relativity and quantum mechanics—two of the pillars of modern physics—were constructed and how they cohere as mathematically consistent and experimentally verified theories. The first half of the course will cover relativity topics including the principle of relativity, spacetime intervals and proper time, coordinate transformations, time dilation and Lorentz contraction, and relativistic energy and momentum. The second half of the course will turn toward the foundations of quantum mechanics, including: spin-1/2 particles, wave-particle duality, and Bell's inequalities and the Einstein-Podolsky-Rosen paradox. If time permits, we may cover additional topics such as blackbody radiation, the photoelectric effect, Bohr's model of the hydrogen atom, and quantum cryptography. To gain a sense of the scientific, social, and material context in which the theories of relativity and quantum mechanics were developed, we will read a number of papers and book chapters by historians and philosophers of science. This course is designed to appeal to a wide range of students—both those whose interests lie outside of science as well as those who are drawn toward the sciences or mathematics. Students who take this course should be comfortable working with mathematical abstraction. Evaluation is based on weekly problem sets, participation in weekly discussion sections, and several short reflection assignments.

Level: Introductory/Intermediate. Class limit: 30.  Lab fee: None.  Meets the following degree requirements: ES, QR",,ES QR
ES1022,S28,"Todd, Sean",Introduction to Oceanography,I,"Planet Earth is misnamed. Seawater covers approximately 70% of the planet's surface, in one giant all-connected ocean. This ocean has a profound effect on the planet's climate, chemistry, ecosystem, and energy resources. Billions of years ago life began there, in what now we regard as the last unexplored frontier of this planet.  In this course we examine the various disciplines within oceanography, including aspects of geology and sedimentology, chemical, dynamic and biological oceanography. The course concludes with an introduction to marine ecosystems examined at various trophic levels, including phyto/zooplankton, fish and other macrofauna. Fieldwork (weather dependent) includes trips on RV Indigo, trips to intertidal and estuarine ecosystems, and possible visits to the college's islands, Mount Desert Rock and Great Duck Island. Evaluation will be by lab, quizzes and a final paper.

Level: Introductory. Lab fee: $200. Class limit: 15. Meets the following degree requirements: ES",,ES
,S28,"Robbins, Dani",TBD,,,,
HS2090,S28,"Van Vliet, Netta",Postcolonial Studies and Psychoanalysis,I/M,"This course considers the definition of the human through a focus on scholarship in postcolonial studies that has been informed by psychoanalysis. The course is the second in a sequence, following Postcolonial Studies and Psychoanalysis I. While the latter served as an introduction to the ways in which Postcolonial Studies and Psychoanalysis have been brought to bear on one another, this course will go in depth to focus on the thought of a select group of thinkers in postcolonial studies (e.g. Gayatri Spivak, Jacques Derrida, Frantz Fanon), whose work has been shaped by psychoanalysis. In so doing, this course will bring questions about sexual difference to bear on considerations of colonial and postcolonial difference. 

Both postcolonial studies and psychoanalysis engage questions of sexualized and racialized difference in the context of 20th century Europe and the legacies of colonialism. Postcolonial studies and psychoanalysis both also contend with notions of individual and collective well-being, and with belonging and exclusion. Psychoanalysis is a colonial discipline which produced a form of analysis that emerged in the time of colonialism. As such, psychoanalysis contributed to colonial notions of civilized and primitive, of man and woman, of normal and abnormal, of Europe and its others. At the same time, however, contexts of anticolonial struggle in turn shaped psychoanalytic thought. By examining texts in postcolonial studies that are informed by psychoanalysis, this course considers processes through which individuated subjects become defined in terms of collective groups of belonging such as the nation, and how filiation and family is connected to affiliation and nation, through relations of affect, sexual difference, and concepts of representational politics. Students will be evaluated based on class participation, reading responses, a mid-term essay and final paper. 

Level: Introductory/Intermediate. Prerequisites: Students do not need to have taken Postcolonial Studies and Psychoanalysis I to take this course, but prior coursework in Literature, Anthropology or related fields is necessary; permission of instructor required. Class limit: 12. Lab fee: $10. Meets the following degree requirements: HS",,HS
AD4020,S28,"Baker, Jodi","Objects and Performance 
OR TBD new course",M/A,"Objects have long been significant elements in ritual, dance, theatre and performance art; they might be props, body extensions, idols and avatars. Taught in a workshop format, this course will explore a variety of techniques from traditional theatre arts, as well as sculptural ideas that can be integrated into performance. Goals will be to gain a deeper understanding of the power of objects in a performative context; to experiment with a variety of building techniques; to practice, create and refine personal and found objects as art; to explore an object's potential to spark narrative, illustrate relationship dynamics and fuel theatrical action. We'll also study the use of objects in connection with certain forms of performance training and creative collaboration strategies.  The course will provide an historic context of objects in performance and will utilize improvisational exercises, personal writing, movement and bodywork. Class topics may include: relationship, scale, sound, duration, repetition, archetype and viewer participation/performance. Evaluation will be based on attendance, participation in all group projects, in-class assignments and discussions, demonstrated understanding and mastery of basic skills through the creation of projects, timely completion of all assignments and readings and effective participation in class critiques. 

Level: Intermediate/Advanced.  Prerequisites: Movement Training (I or II) or 3D studio, and permission of either instructor.  Class limit: 12.  Lb fee: $50.  Meets the following degree requirements: ADS",,ADS
AD3020,S28,"Baker, Jodi",American Dreaming: Theatre and Activism in the U.S.,M,"Students read plays and study a variety of artists that have used theater as a viable force for change over the last century. Together we will explore the mechanics and dynamics of specific plays and performances as well as the social and political context in which they were conceived. We will investigate significant periods in U.S. history (twentieth century) including the New Deal, the House Un-American Activities Committee, the Civil Rights Movement, the emergence of the AIDS crisis, the rise of neoliberalism, 9/11 and beyond, exploring their impacts on this form. The study will include Josephine Baker, Hallie Flanagan and The Federal Theatre Project, Susan Glaspell, Clifford Odetts, Arthur Miller, Lorraine Hansberry, Lillian Hellman, The Open Theatre, Adrienne Kennedy, Anna Deavere-Smith, Tony Kushner, Young Jean Lee, Taylor Mac, Annie Baker, Jeremy O.Harris and others. Students are required to attend a weekly series of evening screenings/performances. There will be at least one field trip. Evaluation is based on full participation in class discussion, successful completion of all short projects and assignments, and a final project/paper.      

Level: Intermediate.  Pre-requisite: Successful completion of the writing requirement and at least one literature course.   Course limit: 11.  Lab fee: $50.  Meets the following degree requirements: AD HY",,AD HY
AD5032,S28,"Clinger, Catherine",Advanced Studio Printmaking,A,"This art studio course is a continuation of the introductory course Studio Printmaking. A print mirrors the surface of its matrix and presents a reflection of the physical and/or immaterial realms of objects and ideas. Representing concepts clearly in any medium requires an artist to engage in thoughtful collaboration with materials in order to realize the potential of form as a means of expression. This advanced studio course will explore ways to address this aesthetic challenge through printmaking by experimenting with conventional and non-traditional ways of creating a range of matrices. Students will acquire skills as printmakers with an emphasis on multiple-plate, collagraph, and other advanced techniques. Students will develop a deeper understanding of the history of prints; how they have functioned to communicate, document, and transmit information through images on paper – engaging with more complex discourses of representation. Students will be evaluated on their projects, participation in critiques, level of engagement with materials, ability to work in a collaborative studio, and final project. 

Level: Advanced.  Prerequisites: Studio Printmaking and at least one drawing class; permission of instructor.  Class limit: 5.  Lab fee: $200. Meets the following degree requirements: ADS",,ADS
AD2017,S28,"Clinger, Catherine",Drawing Mineral & Botanical Matter in the Forest of Maine,I/M,"Viewed as a regular practice, the descriptive power of drawing can intensify the experience of observational fieldwork, provide the draughtsperson with a richer understanding of the cycles within a landscape, and deepen our relationship with the natural world. The primary setting for this studio course is Mount Desert Island. The subject matter of our visual attention includes trees, rock features, and other indigenous plant life of the island. Students will learn a variety of drawing methods in order to document the natural history of a specific place. Coursework includes: maintaining a field sketchbook, graphically recording the development of a singular botanical life-form over the course of the term, and producing visual notations in the sketchbook during a bi-weekly slide lecture on the history of artistic representations of the natural world. Evaluation is based on class participation, evidence of completion of weekly assignments, and final project. 

Level: Introductory/Intermediate. Prerequisites: permission of instructor. Lab fee: $120. Class limit: 12. Meets the following degree requirements: ADS",,ADS
AD2053,S28,"Ferrari, Melissa",Nonfiction Filmmaking & Animation Practicum,I/M,"A century ago, John Grierson described documentary filmmaking as the “creative treatment of actuality,” recognizing the processes of interpretation, intervention, construction, and manipulation in the art of filming reality. In this introductory course, students will complete a series of topical exercises in nonfiction filmmaking, creating several short films that explore the spectrum of fiction, fact, and truth. Embracing filmmaking as a human ecological practice, students will gain exposure to a wide range of interdisciplinary approaches beyond the boundaries of conventional documentary, including essay film, archival/found footage, virtual fieldwork, landscape film, cinéma vérité, and poetic and experimental modes. Technical instruction will include foundations in cameras, basic lighting and cinematography skills, and guidance in editing and sound in Adobe Premiere. Screenings and short readings will kindle ethical questions about representation and power dynamics, honesty and accountability, the role of documentaries in creating change, community and collaboration, and duty of care. Further discussion topics may include re-enactment and mimicry, didacticism, propaganda, and fake documentary. 

Occasional field trips will allow students to practice fieldwork strategies, research methodologies and production skills. Students will be required to attend a weekend field trip to Camden, Maine for the Camden International Film Festival, an acclaimed documentary festival featuring screenings, artist panels, and film pitches. Transportation, lodging and festival passes will be provided.

Evaluation will be based on successful completion of assignments, thoughtful engagement in critiques and conversations, and active participation in production exercises.

Level: Introductory/Intermediate. Prerequisites: None.  Class limit: 12.  Lab fee: $150.  Meets the following degree requirements: ADS.",,ADS
AD-New,S28,"Henderson, Jonathan",Music Ensemble: Black Atlantic,,,,
AD1083,S28,"Ialeggio, Anna",Growth & Decay: Ecological Sculpture,I,"How might a sculpture decay or grow, becoming an active part of its environment? How might biomimicry offer us tactics for surprising or outsmarting ourselves? What could it mean to make an artwork in an “erosive” or “sedimentary” way? What creative possibilities can follow an unforeseen or catastrophic change? This sculpture course takes its cues from the many processes occurring spontaneously in the natural world: growth, decay, metamorphosis, erosion, accretion, collapse, drift, and more. We will work in tandem with natural processes as both practical and conceptual methodologies. A series of individual and collaborative projects will prompt experiments in eco-sculptural production which engage our own lived experiences of the natural world with criticality and emotion. Expect to encounter familiar materials (wood, textiles, clay) as well as some that may be new (plant matter, paper pulp, recycled and discarded objects, etc). Ideally, this class will collectively make a sculptural contribution to the campus, addressing ecological themes and issues particular to our bioregion and community.

Evaluation is based on participation in class activities (exercises, presentations, readings, discussions, occasional writing and/or drawing prompts), significant studio time outside of class, timely completion of all projects with corresponding group critique sessions, and consistent involvement with studio maintenance. A sketchbook is required.

Level: Introductory. Prerequisites: None. Class limit: 12. Lab fee: $100. Meets the following degree requirements: ADS.",,ADS
HS2049,S28,"Todd, Sean",Marvelous Terrible Place,I/M,"Where is the largest population of humpback whales in the world, the largest caribou herd in North America, the only confirmed Viking settlement in North America, and Paleozoic water bottled for consumption? The remote Canadian province of Newfoundland and Labrador presents a stunning landscape, an astoundingly rich ecological setting, and a tragic history of poverty amidst an incredible natural resource, the northern cod fishery, that was ultimately destroyed. The province has been alternately invaded or occupied by different groups of Native Americans along with Norseman, Basques, French, British, and the U.S. military, because of its strategic location and rich fishing and hunting grounds. One of the first and one of the last British colonies, this richest of fisheries produced a very class based society, composed of a wealthy few urban merchants and an highly exploited population of fishing families often living on the edge of survival. But within the past 50 years, Newfoundland society has been forced to evolve. The provincial government looks towards oil and mineral exploitation to turn around the economy, while ex-fishermen consider eco- and cultural tourism with growing ambivalence. This then is our setting, and background, for an intense examination of the human ecology of this province; the relationship between humans and their environment, sometimes successful, sometimes otherwise, the struggle between the tenuous grasp of civilization and this marvelous, terrible place. To do this we will discuss various readings, examine case studies and review the natural and human history of this unique province.  Our learning will culminate with a two-week trip to Newfoundland to examine its issues firsthand.  Evaluation will be based on class and field trip participation, responses to reading questions, a field journal, and a final project.

Level: Introductory/Intermediate.  Prerequisites: Signature of Instructor.  Lab fee: $850.  Class limit: 15.  Meets the following degree requirements: HS",,HS
,S28,"Muller, Brook",TBD,,,,
,S28,"Sebastian, Neeraj",TBD,,,,
ES4069,S28,"Gadeken, Kara",Experimental Marine Science Methods,M/A,"Contemporary marine science research relies on a rapidly developing world of aquatic technologies, yet there has also been a recent revolution in low-cost, DIY electronics and components. For experimentalists, there is immense value in having a broad knowledge of the assorted tools in your methodological “toolkit”. Often, the instrument to collect the data you need doesn’t exist or is unaffordable, in which case the best option may be to build it yourself. Learning how to operate, fix, or even construct instruments to answer a research question builds a strong and interconnected foundation of scientific skills, both concrete (programming, simple electronics, instrumentation, machining, and engineering) and cognitive (critical thinking, creative problem solving, cost-benefit analysis, forethought, resilience, and the “methods” part of the scientific method).

In this course you will (1) practice the practical and cognitive skills that experimental marine scientists use to do research, and (2) learn how to design and construct custom aquatic instrumentation to answer a scientific question. The course will start with you constructing a simple aquatic sensor to build basic skills, move on to creating a lab setup designed to manipulate some aspect of the aquatic environment, and end with self-directed research projects devising and building an instrument to explore your own scientific question. Much of our class time will be spent in a collaborative learning setting similar to a research group. Throughout the course, we will explore the ways that creative custom instrumentation can push the boundaries of science and make high-quality research more accessible.

This is a project-based course that is intended for STEM-motivated students. It would serve particularly well to bridge students into pursuing more advanced scientific research endeavors.

This class is very much a group effort, and assessment will be based on active participation in class experiences as well as written assignments in the style of a technical report, short weekly reflections, and a presentation at an end-of-term symposium. In addition to class meetings, expect to spend a substantive amount of time outside of class working on your projects.

Level: Intermediate/Advanced. Prerequisites: Introduction to Oceanography, Marine Biology or Intertidal Ecology. It is helpful but not required to have taken statistics, computing, data science, or experimental design courses. Class limit: 10. Lab fee: $80. Meets the following degree requirements: ES.",,ES
ES-New,S28,"Gadeken, Kara",Benthic Ecology,,,,
MD4014,S28,"Gibson, David",Building Science and Energy Auditing,M/A,"Buildings account for nearly 40% of global carbon emissions. Sixty percent of Maine homes are heated with heating oil, the highest percentage of any state, and Mainers spend more than a billion dollars on heating oil each year. Improving the efficiency of our homes and buildings is essential for transitioning away from fossil fuels and reducing carbon emissions.

In this course, students will learn how to safely transition buildings away from fossil fuels. This includes understanding the science of energy and moisture movement through a building, how to monitor carbon monoxide and other harmful combustion gases, and methods to reduce energy loss, while maintaining comfortable levels of humidity and fresh air. Students will gain proficiency measuring air leakage with a blower door, using an infrared camera to assess insulation levels, calculating heat loss, and identifying solutions and best practices to develop a plan of action for homeowners.

They will also learn about high efficiency mechanical systems like air source heat pumps, heat pump water heaters, and how to assess lighting and appliance electrical usage. Students will learn how to carry out cost calculations for energy savings and research and share information on rebates and incentives available for homeowners. This will be a very hands-on course, with weekly labs to teach energy auditing field skills. This course will include presentations from local energy contractors, and students will participate in energy audits of residential buildings on or off campus. Through these experiences, students will meet and interact with home performance businesses and non-profit organizations in the local community. As time and weather conditions permit, students will gain experience implementing efficiency solutions such as insulation and air sealing.

Students who successfully complete this course will be able to conduct energy audits for homes, identify cost-effective improvements, and prioritize energy improvements to maximize energy savings. This course will provide students with the tools and experience to reduce building energy use and greenhouse gas emissions in a holistic, whole-building approach.

Evaluation will be based on completion of assignments, participation in class discussions, and mastery of field skills.

Level: Intermediate/Advanced. Prerequisites: Physics and Mathematics of Sustainable Energy. Class Limit: 12. Lab fee: $50. Meets the following degree requirements: None.",,
ES3085,S28,"Hall, Sarah",Watersheds,M,"In this course students will learn the basic field and quantitative methods used to characterize watersheds. The course will focus mainly on watersheds of Mt Desert Island and some of the larger rivers in Maine and will build upon foundational concepts in Earth Science. The course will feature field, lab, and lecture components. Students will conduct geomorphic mapping (field and GIS), surveying, stream discharge measurements, pebble counts, and other common tools and methods to conduct a term-long field study of multiple island watersheds. Upon returning from the field, students will use their data to calculate flows and sediment loads associated with less frequent flood events. Large magnitude flow events tend to shape steam channels and have implications for human infrastructure and intertidal zone dynamics. Students will be evaluated based on weekly assignments, quizzes, presentations, and the term-long project. Students will work in teams to complete a basin-wide study of one of the island watersheds of interest to community partners for long-term monitoring. The field project will culminate in a written report and presentation. They will work on their project report throughout the term with opportunities for peer review and revision. It is strongly recommended that students have taken high school math courses (algebra and geometry), at least 1 introductory Earth Science course, and are comfortable using Excel.

Level: Intermediate.  Prerequisites: HS2020 Introductory GIS and an introductory geoscience course.  Class limit: 16.  Lab fee: $100.  Meets the following degree requirements: ES, QR.",,ES QR
ES3044,S28,"Hall, Sarah","Climate and Weather 
OR New: Geomorphology",M,"This class will explore general weather and climate patterns on global, regional, and local scales.  We will discuss the major forcings driving global climate fluctuations - on both long (millions of years) and short (days) timescales, including natural and anthropogenic processes. We will also learn about basic meteorology and the processes producing some common spectacular optical weather phenomena (rainbows, coronas, cloud-types, etc). Students will complete a term project comprising a photo-documentary journal of the different weather phenomena they observe during the 10-week term. The field component of this course will be self-guided through the observation and documentation of weather phenomena.  Who should take this course: No prior geology/science experience is needed - but expect to do a bit of basic math in this course! The course level is intermediate because it will not cover foundational principles of geology (or other sciences) but instead the course will be integrative and require students to practice both their quantitative and qualitative skills. Take this course if you are passionate or curious about climate change, but do not know much about the science of climate and weather!
 
Level: Intermediate.  Prerequisites: none.  Class limit: 16.  Lab fee:  $10  Meets the following degree requirements: ES",,ES
ES1054,S28,"Letcher, Susan",Biology: Form and Function,I,"This is one half of a 20-week, two-term introductory course in biology, providing an overview of the discipline and prerequisite for many intermediate and advanced biology courses. The course will emphasize biological structures at the level of whole organisms and organs and their role in the survival and reproduction of individuals and the evolution of populations . We will explore principles of evolution, classification, anatomy and physiology, epidemiology, behavior, and basic ecology. The primary focus of the course is on vertebrate animals and vascular plants, but we will make forays into other phylogenetic lineages at intervals. Weekly field and laboratory studies introduce students to the local range of habitats and a broad array of protists, plants, and animals. Attendance at two lectures and one lab each week is required; course evaluation is based on class participation, exams, preparation of a lab/field notebook, and a presentation. It should be stressed that this course emphasizes the unity of the organism within its environment. Ideally students will subsequently enroll in Biology:Cells and Molecules in order to further their exploration of issues in a more reductionist form, but neither course is a pre-requisite for the other. 

Level: Introductory. Prerequisites: None. Binoculars and a good pair of walking boots strongly advised. Class Limit: 25. Lab Fee: $40. Meets the following degree requirements: ES.",,ES
ES4050,S28,"Letcher, Susan",Population and Community Ecology,M/A,"Ecology, in the narrowest sense, is the study of the distribution and abundance of organisms on the earth. This class focuses on ecology as a science, and particularly the intellectual tradition within ecology that has sought to develop simple mathematical descriptions of complex phenomena. Population ecology studies the growth and decline of populations (i.e., groups of organisms of the same species), while community ecology studies the interactions among populations. We will study classic models in population and community ecology, developing the models from first principles, applying them to real data, and critically examining the shortcomings of the modeling approach. Concepts to be covered in the class include exponential vs. logistic population growth, competition, predator-prey interactions, metapopulation dynamics, stochastic vs. deterministic processes, optimal foraging theory, succession, and behavioral ecology.This course will be useful for students who are considering graduate school in ecology and related disciplines, and it is open to anyone with relevant background knowledge and curiosity. Students will be evaluated based on participation in class discussions, a series of problem sets, and a final paper.

Knowledge of algebra is necessary, along with a willingness to grapple with mathematical thinking. Knowledge of calculus and linear algebra is helpful but is not required.

Level: Intermediate/Advanced.  Prerequisites: At least one intermediate course in ecology and a knowledge of algebra.  Class limit: 20.  Lab fee: none.  Meets the following degree requirements: ES, QR",,ES QR
ES5017,S28,"Slabach, Brittany","Ornithology 
OR Es-New -ology",A,"Welcome to the wonderfully weird world of Aves! This advanced course is designed to provide students with in-depth knowledge and experience in all aspects of avian biology. We will dive deep into evolution and taxonomic relationships and discuss the historical and cultural impacts birds have had globally. We’ll use museum specimens, dissections, and direct field observation to explore anatomy, physiology, behavior and ecology of birds up close and in-person! Emphasis will be on local and regional groups, but we will discuss global biodiversity. While the class is structured as two lectures and a laboratory component, the course is built around active learning where in-class discussions and activities should be expected. Assessment will be based on participation, weekly quizzes, activity reflections, and a written review paper on a topic of avian biology of your choosing.  

As an advanced course, this course builds on concepts discussed in Vertebrate Zoology. The course provides students with a strong foundation in all aspects of avian biology, including field techniques to monitor birds. Thus, the course is particularly suitable for students who would like to pursue careers in avian ecology. It would also serve students who are interested in gaining an in-depth knowledge of a particular group of organisms; those who are interested in gaining experience in synthesizing primary literature in a written form; or those who are curious about what being a bird really means. 

Level: Advanced. Prerequisites: ES3104 Vertebrate Zoology or permission of instructor. Class limit: 11. Lab fee: $50.  Meets the following degree requirements: ES.",,ES
ES-New,S28,"Slabach, Brittany",Advanced Wildlife Ecology Course,,,,
AD1071,S28,"Sebastian, Neeraj",Fundamentals of Painting,I,"In this course, students will be introduced to the basic aspects involved in the process of translating what they are observing in space onto two-dimensional surfaces in oil paint. Students will be introduced to the basics of color theory, mixing and matching colors, and also explore how color can change depending on context. Through the assignments we will investigate how form, volume, space and light can be captured in paint. Students will learn how to build their own frames and stretch and prepare canvases for painting and develop a studio practice, which includes cleaning and maintenance of brushes, the palette and other tools. A broad range of ideas and concerns in painting throughout history, from various parts of the world will be introduced in the class. In the last part of the term, different aspects of composition will be discussed: the way colors and shapes can work together to create an integrated image. Assignments will include quick paintings as well as paintings that are made over the course of multiple class sessions. The assignments over the course of the term will build students’ confidence in translating what’s in front of them, which makes the task of taking on the images in their heads, the images they are interested in, less daunting.
Students will learn how to look at and analyze their peers’ work and provide them with constructive feedback during critiques. Previous drawing experience at high school or college level is strongly recommended. Evaluation will be based on how the specific criteria set for each assignment are met, participation and engagement during critiques, and receptivity to feedback.

Level: Introductory. Prerequisite: None, but previous drawing experience at high school or college level is strongly recommended. Class limit: 12. Lab fee: $125. Meets the following degree requirements: ADS.",,ADS
,S28,"Waldron, Karen",[no courses],,,,
